="Status do item"	="Norma de apropriação"	="Material"	="Texto breve material"	="Qtd.necessária"	="Unid.medida básica"	="Grp.plnj.PM"	="Ordem"	="Nº reserva"	="Nº item reserva transferência"	="Data da necessidade"	="Status Aprovação"	="Status usuário"	="Status do sistema"	="Local de instalação"	="Preço médio móvel"	="Qtd.retirada"	="Com registro final"	="Item foi eliminado"	="Permitido movimento"	="Texto breve"
="ELIMINADO"	=""	="1103950"	="CABO CONTR COBRE CL5 PVCA 12X  1,50MM2"	="20.000"	="M"	="5IS"	="80003541162"	="31826684"	="1"	="1/31/22"	=""	="CANC RISC"	="ENCE CAPC MatC NEXE"	="G-CSN-10-175-850-002-120"	="19.94"	="0.000"	=""	="X"	=""	="[REVISAR] /COMPONENTES ELETRICOS CIRC. P"
="ELIMINADO"	=""	="1210283"	="REATOR LAMP VAPOR SODIO 220V  400W"	="2.000"	="CDA"	="5IS"	="80005006680"	="34137724"	="1"	="8/22/22"	=""	="CANC"	="ENCE CAPC MatC NEXE"	="G-CSN-10-175-850-004-050"	="102.48"	="0.000"	=""	="X"	=""	="[REVISAR] (EXTERNA) ILUMINACAO"
="ELIMINADO"	=""	="1628530"	="LAMPADA V SODIO TUB CLARA 400W"	="2.000"	="CDA"	="5IS"	="80005006680"	="34137724"	="2"	="8/22/22"	=""	="CANC"	="ENCE CAPC MatC NEXE"	="G-CSN-10-175-850-004-050"	="32.31"	="0.000"	=""	="X"	=""	="[REVISAR] (EXTERNA) ILUMINACAO"
="ELIMINADO"	=""	="8006720"	="ROLO HITACHI 0294754 FL J-3202 1, 5"	="1.000"	="CDA"	="5I3"	="80005045812"	="34190630"	="1"	="7/6/22"	=""	="CANC"	="ENCE CAPC MatC NEXE"	="G-CSN-10-175-213-107-030"	="20,000.00"	="0.000"	=""	="X"	=""	="[REPARAR] USINAGEM DA MESA E MANGAS DO R"
="ELIMINADO"	=""	="9156354"	="RODA CABEZZA 30206101"	="4.000"	="CDA"	="5IS"	="80005402116"	="34730424"	="1"	="6/26/23"	=""	="CANC"	="ENCE CAPC ERRD NEXE"	="G-CSN-10-175-900-850"	="27,780.00"	="0.000"	=""	="X"	=""	="[REPARAR] RODAS PÓRTICO"
="ELIMINADO"	=""	="1210283"	="REATOR LAMP VAPOR SODIO 220V  400W"	="2.000"	="CDA"	="5IS"	="80005761802"	="35243089"	="1"	="12/5/22"	=""	="CANC"	="ENCE CAPC MatC NEXE"	="G-CSN-10-175-850-004-050"	="102.48"	="0.000"	=""	="X"	=""	="[REVISAR] (EXTERNA) ILUMINACAO"
="ELIMINADO"	=""	="1628530"	="LAMPADA V SODIO TUB CLARA 400W"	="2.000"	="CDA"	="5IS"	="80005761802"	="35243089"	="2"	="12/5/22"	=""	="CANC"	="ENCE CAPC MatC NEXE"	="G-CSN-10-175-850-004-050"	="32.31"	="0.000"	=""	="X"	=""	="[REVISAR] (EXTERNA) ILUMINACAO"
="ELIMINADO"	=""	="8001786"	="RESFRIADOR BARDELLA CSNBSA4308"	="3.000"	="CDA"	="5I6"	="80006252879"	="35954033"	="35"	="12/21/22"	=""	="CANC"	="ENCE CAPC MatC NEXE"	="G-CSN-10-176-400-402"	="29,015.78"	="0.000"	=""	="X"	=""	="[REPOR] SOBRESSALENTES PARA O BENDER OMS"
="ELIMINADO"	=""	="8111168"	="TESTADOR DE ISOLACAO 0,0001- 0,6KV"	="2.000"	="CDA"	="5IS"	="80006919736"	="36823587"	="1"	="3/25/23"	=""	="CANC"	="ENCE CAPC ERRD NEXE"	="G-CSN-10-176-200-201"	="1,602.86"	="0.000"	=""	="X"	=""	="[ABASTECER] MATERIAL OMS E MCC# 2 3 4"
="ELIMINADO"	=""	="1789691"	="BUCHA BARDELLA CSNVAI2708 3009"	="24.000"	="CDA"	="5I3"	="80007429952"	="37516857"	="1"	="11/27/23"	=""	="CANC"	="ENCE CAPC ERRD NEXE"	="G-CSN-10-175-413-043"	="1,361.99"	="0.000"	=""	="X"	=""	="[REPARAR] CJ HORIZONTAL LIVRE AGOSTO V1"
="ELIMINADO"	=""	="1789695"	="TAMPA BARDELLA CSNVAI2705"	="48.000"	="CDA"	="5I3"	="80007429952"	="37516857"	="2"	="11/27/23"	=""	="CANC"	="ENCE CAPC ERRD NEXE"	="G-CSN-10-175-413-043"	="907.57"	="0.000"	=""	="X"	=""	="[REPARAR] CJ HORIZONTAL LIVRE AGOSTO V1"
="ELIMINADO"	=""	="8090060"	="MANTA FIBR ROLO   3 X1000MMX30M"	="2.000"	="CDA"	="5I6"	="80007514807"	="37622619"	="2"	="6/13/23"	=""	="CANC"	="ENCE CAPC NEXE"	="G-CSN-10-176-400-403"	="1,530.32"	="0.000"	=""	="X"	=""	="[REPARAR] MANTA FIBRA SEG.BOW"
="ELIMINADO"	=""	="8731520"	="GRAVADOR VD 16 CANAIS"	="1.000"	="CDA"	="5IS"	="80007522855"	="37636177"	="2"	="9/15/23"	=""	="CANC"	="ENCE CAPC ERRD NEXE"	="G-CSN-10-176-200-201"	="4,670.14"	="0.000"	=""	="X"	=""	="[INSTALAR] CAMERAS FORNO RH"
="ELIMINADO"	=""	="9259108"	="CAMERA CFTV COL 1/1.8""CMOS 12VCC"	="4.000"	="CDA"	="5IS"	="80007522855"	="37636177"	="3"	="9/15/23"	=""	="CANC"	="ENCE CAPC ERRD NEXE"	="G-CSN-10-176-200-201"	="4,816.80"	="0.000"	=""	="X"	=""	="[INSTALAR] CAMERAS FORNO RH"
="ELIMINADO"	=""	="8729551"	="DISCO RIGIDO DESKTOP   8TB SATA"	="1.000"	="CDA"	="5IS"	="80007522855"	="37636177"	="4"	="9/15/23"	=""	="CANC"	="ENCE CAPC ERRD NEXE"	="G-CSN-10-176-200-201"	="2,644.38"	="0.000"	=""	="X"	=""	="[INSTALAR] CAMERAS FORNO RH"
="ELIMINADO"	=""	="8705525"	="CABO REDE COMUNIC COBRE 4P 23AWG"	="305.000"	="M"	="5IS"	="80007522855"	="37636177"	="5"	="9/15/23"	=""	="CANC"	="ENCE CAPC ERRD NEXE"	="G-CSN-10-176-200-201"	="6.03"	="0.000"	=""	="X"	=""	="[INSTALAR] CAMERAS FORNO RH"
="ELIMINADO"	=""	="8734745"	="CONECTOR TELEFONIA RJ-45 8 VIAS"	="20.000"	="CDA"	="5IS"	="80007522855"	="37636177"	="6"	="9/15/23"	=""	="CANC"	="ENCE CAPC ERRD NEXE"	="G-CSN-10-176-200-201"	="3.33"	="0.000"	=""	="X"	=""	="[INSTALAR] CAMERAS FORNO RH"
="ELIMINADO"	=""	="8729728"	="MONITOR LED COLOR 24"""	="1.000"	="CDA"	="5IS"	="80007522855"	="37636177"	="7"	="9/15/23"	=""	="CANC"	="ENCE CAPC ERRD NEXE"	="G-CSN-10-176-200-201"	="8,391.82"	="0.000"	=""	="X"	=""	="[INSTALAR] CAMERAS FORNO RH"
="ELIMINADO"	=""	="8590281"	="CABO MONTADO HDMI/HDMI  1,80M"	="1.000"	="CDA"	="5IS"	="80007522855"	="37636177"	="8"	="9/15/23"	=""	="CANC"	="ENCE CAPC ERRD NEXE"	="G-CSN-10-176-200-201"	="59.18"	="0.000"	=""	="X"	=""	="[INSTALAR] CAMERAS FORNO RH"
="ELIMINADO"	=""	="8245934"	="PAINEL ELETR AISI304L  800X  600X  300MM"	="1.000"	="CDA"	="5IS"	="80007522855"	="37636177"	="9"	="9/15/23"	=""	="CANC"	="ENCE CAPC ERRD NEXE"	="G-CSN-10-176-200-201"	="4,201.45"	="0.000"	=""	="X"	=""	="[INSTALAR] CAMERAS FORNO RH"
="ELIMINADO"	=""	="8002421"	="CILINDRO HIDR DUPL/ACAO    220MM/ 220MM"	="2.000"	="CDA"	="5I6"	="80007675960"	="37843187"	="1"	="7/3/23"	=""	="CANC"	="ENCE CAPC MatC NEXE"	="G-CSN-10-176-200-201"	="19,767.15"	="0.000"	=""	="X"	=""	="[REPARAR] CILINDRO BOW"
="ELIMINADO"	=""	="1664528"	="CILINDRO HIDR DUPL/ACAO    100MM/ 100MM"	="8.000"	="CDA"	="5I6"	="80007675962"	="37843191"	="1"	="7/3/23"	=""	="CANC"	="ENCE CAPC MatC NEXE"	="G-CSN-10-176-200-201"	="821.55"	="0.000"	=""	="X"	=""	="[REPARAR] CILINDRO GRUPO 1"
="ELIMINADO"	=""	="8002455"	="CILINDRO HIDR DUPL/ACAO    250MM/ 100MM"	="12.000"	="CDA"	="5I6"	="80007676006"	="37843301"	="1"	="7/3/23"	=""	="CANC"	="ENCE CAPC MatC NEXE"	="G-CSN-10-176-200-201"	="5,856.33"	="0.000"	=""	="X"	=""	="[REPARAR] CILINDRO DE ELEVAÇÃO BOW"
="ELIMINADO"	=""	="8001183"	="ANEL O VITON   14,00X  4,00MM"	="96.000"	="CDA"	="5I3"	="80008012830"	="38299931"	="1"	="1/3/25"	=""	="CANC"	="ENCE CAPC ERRD NEXE"	="G-CSN-10-176-400-413"	="4.83"	="0.000"	=""	="X"	=""	="[TROCAR] COMPS PD CJ BOW LV LT1 JAN"
="ELIMINADO"	=""	="8001181"	="ANEL O VITON  110,00X  3,50MM"	="48.000"	="CDA"	="5I3"	="80008012830"	="38299931"	="2"	="1/3/25"	=""	="CANC"	="ENCE CAPC ERRD NEXE"	="G-CSN-10-176-400-413"	="12.58"	="0.000"	=""	="X"	=""	="[TROCAR] COMPS PD CJ BOW LV LT1 JAN"
="ELIMINADO"	=""	="9185994"	="FELTRO MEIO DURO 14X  11X 510MM BR"	="24.000"	="CDA"	="5I3"	="80008012830"	="38299931"	="3"	="1/3/25"	=""	="CANC"	="ENCE CAPC ERRD NEXE"	="G-CSN-10-176-400-413"	="13.28"	="0.000"	=""	="X"	=""	="[TROCAR] COMPS PD CJ BOW LV LT1 JAN"
="ELIMINADO"	=""	="8003154"	="PARAFUSO SEXT AISI410    M 6X     18MM"	="144.000"	="CDA"	="5I3"	="80008012830"	="38299931"	="4"	="1/3/25"	=""	="CANC"	="ENCE CAPC ERRD NEXE"	="G-CSN-10-176-400-413"	="0.51"	="0.000"	=""	="X"	=""	="[TROCAR] COMPS PD CJ BOW LV LT1 JAN"
="ELIMINADO"	=""	="8001215"	="TAMPA BARDELLA CSNVAI2605 2305"	="24.000"	="CDA"	="5I3"	="80008012830"	="38299931"	="5"	="1/3/25"	=""	="CANC"	="ENCE CAPC ERRD NEXE"	="G-CSN-10-176-400-413"	="666.15"	="0.000"	=""	="X"	=""	="[TROCAR] COMPS PD CJ BOW LV LT1 JAN"
="ELIMINADO"	=""	="8001293"	="BUCHA BARDELLA CSNVAI2603 2303"	="48.000"	="CDA"	="5I3"	="80008012837"	="38300053"	="1"	="1/3/25"	=""	="CANC"	="ENCE CAPC ERRD NEXE"	="G-CSN-10-175-413-015"	="491.27"	="0.000"	=""	="X"	=""	="[TROCAR] COMPS PD CJ BOW LV LT2 JAN"
="ELIMINADO"	=""	="8001210"	="BUCHA BARDELLA CSNVAI2607 2308"	="24.000"	="CDA"	="5I3"	="80008012837"	="38300053"	="2"	="1/3/25"	=""	="CANC"	="ENCE CAPC ERRD NEXE"	="G-CSN-10-175-413-015"	="1,049.21"	="0.000"	=""	="X"	=""	="[TROCAR] COMPS PD CJ BOW LV LT2 JAN"
="ELIMINADO"	=""	="9148564"	="JUNTA DEUBLIN 2425000005"	="24.000"	="CDA"	="5I3"	="80008012837"	="38300053"	="3"	="1/3/25"	=""	="CANC"	="ENCE CAPC ERRD NEXE"	="G-CSN-10-175-413-015"	="1,834.13"	="0.000"	=""	="X"	=""	="[TROCAR] COMPS PD CJ BOW LV LT2 JAN"
="ELIMINADO"	=""	="8001213"	="MANCAL BARDELLA CSNVAI2609 2341, 2342"	="48.000"	="CDA"	="5I3"	="80008012837"	="38300053"	="4"	="1/3/25"	=""	="CANC"	="ENCE CAPC ERRD NEXE"	="G-CSN-10-175-413-015"	="3,633.11"	="0.000"	=""	="X"	=""	="[TROCAR] COMPS PD CJ BOW LV LT2 JAN"
="ELIMINADO"	=""	="1779090"	="ROLAMENTO AUT ROLO  110,00X  170,00MM"	="48.000"	="CDA"	="5I3"	="80008012837"	="38300053"	="5"	="1/3/25"	=""	="CANC"	="ENCE CAPC ERRD NEXE"	="G-CSN-10-175-413-015"	="1,645.31"	="0.000"	=""	="X"	=""	="[TROCAR] COMPS PD CJ BOW LV LT2 JAN"
="ELIMINADO"	=""	="8001290"	="TAMPA BARDELLA CSNVAI2604 2304"	="24.000"	="CDA"	="5I3"	="80008012837"	="38300053"	="6"	="1/3/25"	=""	="CANC"	="ENCE CAPC ERRD NEXE"	="G-CSN-10-175-413-015"	="196.42"	="0.000"	=""	="X"	=""	="[TROCAR] COMPS PD CJ BOW LV LT2 JAN"
="ELIMINADO"	=""	="8001691"	="TUBO BARDELLA CSNVAI2610 2361, 2362,2363"	="12.000"	="CDA"	="5I3"	="80008012837"	="38300053"	="7"	="1/3/25"	=""	="CANC"	="ENCE CAPC ERRD NEXE"	="G-CSN-10-175-413-015"	="0.00"	="0.000"	=""	="X"	=""	="[TROCAR] COMPS PD CJ BOW LV LT2 JAN"
="ELIMINADO"	=""	="8001690"	="TUBO BARDELLA CSNVAI2611 2371,2372,2373"	="12.000"	="CDA"	="5I3"	="80008012837"	="38300053"	="8"	="1/3/25"	=""	="CANC"	="ENCE CAPC ERRD NEXE"	="G-CSN-10-175-413-015"	="1,253.59"	="0.000"	=""	="X"	=""	="[TROCAR] COMPS PD CJ BOW LV LT2 JAN"
="ELIMINADO"	=""	="8001183"	="ANEL O VITON   14,00X  4,00MM"	="96.000"	="CDA"	="5I3"	="80008012886"	="38300140"	="1"	="2/3/25"	=""	="CANC"	="ENCE CAPC ERRD NEXE"	="G-CSN-10-175-413-016"	="4.83"	="0.000"	=""	="X"	=""	="[TROCAR] COMPS PD CJ BOW LV LT1 FEV"
="ELIMINADO"	=""	="8001181"	="ANEL O VITON  110,00X  3,50MM"	="48.000"	="CDA"	="5I3"	="80008012886"	="38300140"	="2"	="2/3/25"	=""	="CANC"	="ENCE CAPC ERRD NEXE"	="G-CSN-10-175-413-016"	="12.58"	="0.000"	=""	="X"	=""	="[TROCAR] COMPS PD CJ BOW LV LT1 FEV"
="ELIMINADO"	=""	="9185994"	="FELTRO MEIO DURO 14X  11X 510MM BR"	="24.000"	="CDA"	="5I3"	="80008012886"	="38300140"	="3"	="2/3/25"	=""	="CANC"	="ENCE CAPC ERRD NEXE"	="G-CSN-10-175-413-016"	="13.28"	="0.000"	=""	="X"	=""	="[TROCAR] COMPS PD CJ BOW LV LT1 FEV"
="ELIMINADO"	=""	="8003154"	="PARAFUSO SEXT AISI410    M 6X     18MM"	="144.000"	="CDA"	="5I3"	="80008012886"	="38300140"	="4"	="2/3/25"	=""	="CANC"	="ENCE CAPC ERRD NEXE"	="G-CSN-10-175-413-016"	="0.51"	="0.000"	=""	="X"	=""	="[TROCAR] COMPS PD CJ BOW LV LT1 FEV"
="ELIMINADO"	=""	="8001215"	="TAMPA BARDELLA CSNVAI2605 2305"	="24.000"	="CDA"	="5I3"	="80008012886"	="38300140"	="5"	="2/3/25"	=""	="CANC"	="ENCE CAPC ERRD NEXE"	="G-CSN-10-175-413-016"	="666.15"	="0.000"	=""	="X"	=""	="[TROCAR] COMPS PD CJ BOW LV LT1 FEV"
="ELIMINADO"	=""	="8001293"	="BUCHA BARDELLA CSNVAI2603 2303"	="48.000"	="CDA"	="5I3"	="80008012890"	="38300152"	="1"	="2/3/25"	=""	="CANC"	="ENCE CAPC ERRD NEXE"	="G-CSN-10-175-413-017"	="491.27"	="0.000"	=""	="X"	=""	="[TROCAR] COMPS PD CJ BOW LV LT2 FEV"
="ELIMINADO"	=""	="8001210"	="BUCHA BARDELLA CSNVAI2607 2308"	="24.000"	="CDA"	="5I3"	="80008012890"	="38300152"	="2"	="2/3/25"	=""	="CANC"	="ENCE CAPC ERRD NEXE"	="G-CSN-10-175-413-017"	="1,049.21"	="0.000"	=""	="X"	=""	="[TROCAR] COMPS PD CJ BOW LV LT2 FEV"
="ELIMINADO"	=""	="9148564"	="JUNTA DEUBLIN 2425000005"	="24.000"	="CDA"	="5I3"	="80008012890"	="38300152"	="3"	="2/3/25"	=""	="CANC"	="ENCE CAPC ERRD NEXE"	="G-CSN-10-175-413-017"	="1,834.13"	="0.000"	=""	="X"	=""	="[TROCAR] COMPS PD CJ BOW LV LT2 FEV"
="ELIMINADO"	=""	="8001213"	="MANCAL BARDELLA CSNVAI2609 2341, 2342"	="48.000"	="CDA"	="5I3"	="80008012890"	="38300152"	="4"	="2/3/25"	=""	="CANC"	="ENCE CAPC ERRD NEXE"	="G-CSN-10-175-413-017"	="3,633.11"	="0.000"	=""	="X"	=""	="[TROCAR] COMPS PD CJ BOW LV LT2 FEV"
="ELIMINADO"	=""	="1779090"	="ROLAMENTO AUT ROLO  110,00X  170,00MM"	="48.000"	="CDA"	="5I3"	="80008012890"	="38300152"	="5"	="2/3/25"	=""	="CANC"	="ENCE CAPC ERRD NEXE"	="G-CSN-10-175-413-017"	="1,645.31"	="0.000"	=""	="X"	=""	="[TROCAR] COMPS PD CJ BOW LV LT2 FEV"
="ELIMINADO"	=""	="8001290"	="TAMPA BARDELLA CSNVAI2604 2304"	="24.000"	="CDA"	="5I3"	="80008012890"	="38300152"	="6"	="2/3/25"	=""	="CANC"	="ENCE CAPC ERRD NEXE"	="G-CSN-10-175-413-017"	="196.42"	="0.000"	=""	="X"	=""	="[TROCAR] COMPS PD CJ BOW LV LT2 FEV"
="ELIMINADO"	=""	="8001691"	="TUBO BARDELLA CSNVAI2610 2361, 2362,2363"	="12.000"	="CDA"	="5I3"	="80008012890"	="38300152"	="7"	="2/3/25"	=""	="CANC"	="ENCE CAPC ERRD NEXE"	="G-CSN-10-175-413-017"	="0.00"	="0.000"	=""	="X"	=""	="[TROCAR] COMPS PD CJ BOW LV LT2 FEV"
="ELIMINADO"	=""	="8001690"	="TUBO BARDELLA CSNVAI2611 2371,2372,2373"	="12.000"	="CDA"	="5I3"	="80008012890"	="38300152"	="8"	="2/3/25"	=""	="CANC"	="ENCE CAPC ERRD NEXE"	="G-CSN-10-175-413-017"	="1,253.59"	="0.000"	=""	="X"	=""	="[TROCAR] COMPS PD CJ BOW LV LT2 FEV"
="ELIMINADO"	=""	="8001183"	="ANEL O VITON   14,00X  4,00MM"	="96.000"	="CDA"	="5I3"	="80008012893"	="38300157"	="1"	="3/3/25"	=""	="CANC"	="ENCE CAPC ERRD NEXE"	="G-CSN-10-175-413-018"	="4.83"	="0.000"	=""	="X"	=""	="[TROCAR] COMPS PD CJ BOW LV LT1 MAR"
="ELIMINADO"	=""	="8001181"	="ANEL O VITON  110,00X  3,50MM"	="48.000"	="CDA"	="5I3"	="80008012893"	="38300157"	="2"	="3/3/25"	=""	="CANC"	="ENCE CAPC ERRD NEXE"	="G-CSN-10-175-413-018"	="12.58"	="0.000"	=""	="X"	=""	="[TROCAR] COMPS PD CJ BOW LV LT1 MAR"
="ELIMINADO"	=""	="9185994"	="FELTRO MEIO DURO 14X  11X 510MM BR"	="24.000"	="CDA"	="5I3"	="80008012893"	="38300157"	="3"	="3/3/25"	=""	="CANC"	="ENCE CAPC ERRD NEXE"	="G-CSN-10-175-413-018"	="13.28"	="0.000"	=""	="X"	=""	="[TROCAR] COMPS PD CJ BOW LV LT1 MAR"
="ELIMINADO"	=""	="8003154"	="PARAFUSO SEXT AISI410    M 6X     18MM"	="144.000"	="CDA"	="5I3"	="80008012893"	="38300157"	="4"	="3/3/25"	=""	="CANC"	="ENCE CAPC ERRD NEXE"	="G-CSN-10-175-413-018"	="0.51"	="0.000"	=""	="X"	=""	="[TROCAR] COMPS PD CJ BOW LV LT1 MAR"
="ELIMINADO"	=""	="8001215"	="TAMPA BARDELLA CSNVAI2605 2305"	="24.000"	="CDA"	="5I3"	="80008012893"	="38300157"	="5"	="3/3/25"	=""	="CANC"	="ENCE CAPC ERRD NEXE"	="G-CSN-10-175-413-018"	="666.15"	="0.000"	=""	="X"	=""	="[TROCAR] COMPS PD CJ BOW LV LT1 MAR"
="ELIMINADO"	=""	="8001293"	="BUCHA BARDELLA CSNVAI2603 2303"	="48.000"	="CDA"	="5I3"	="80008012899"	="38300207"	="1"	="3/3/25"	=""	="CANC"	="ENCE CAPC ERRD NEXE"	="G-CSN-10-175-413-019"	="491.27"	="0.000"	=""	="X"	=""	="[TROCAR] COMPS PD CJ BOW LV LT2 MAR"
="ELIMINADO"	=""	="8001210"	="BUCHA BARDELLA CSNVAI2607 2308"	="24.000"	="CDA"	="5I3"	="80008012899"	="38300207"	="2"	="3/3/25"	=""	="CANC"	="ENCE CAPC ERRD NEXE"	="G-CSN-10-175-413-019"	="1,049.21"	="0.000"	=""	="X"	=""	="[TROCAR] COMPS PD CJ BOW LV LT2 MAR"
="ELIMINADO"	=""	="9148564"	="JUNTA DEUBLIN 2425000005"	="24.000"	="CDA"	="5I3"	="80008012899"	="38300207"	="3"	="3/3/25"	=""	="CANC"	="ENCE CAPC ERRD NEXE"	="G-CSN-10-175-413-019"	="1,834.13"	="0.000"	=""	="X"	=""	="[TROCAR] COMPS PD CJ BOW LV LT2 MAR"
="ELIMINADO"	=""	="8001213"	="MANCAL BARDELLA CSNVAI2609 2341, 2342"	="48.000"	="CDA"	="5I3"	="80008012899"	="38300207"	="4"	="3/3/25"	=""	="CANC"	="ENCE CAPC ERRD NEXE"	="G-CSN-10-175-413-019"	="3,633.11"	="0.000"	=""	="X"	=""	="[TROCAR] COMPS PD CJ BOW LV LT2 MAR"
="ELIMINADO"	=""	="1779090"	="ROLAMENTO AUT ROLO  110,00X  170,00MM"	="48.000"	="CDA"	="5I3"	="80008012899"	="38300207"	="5"	="3/3/25"	=""	="CANC"	="ENCE CAPC ERRD NEXE"	="G-CSN-10-175-413-019"	="1,645.31"	="0.000"	=""	="X"	=""	="[TROCAR] COMPS PD CJ BOW LV LT2 MAR"
="ELIMINADO"	=""	="8001290"	="TAMPA BARDELLA CSNVAI2604 2304"	="24.000"	="CDA"	="5I3"	="80008012899"	="38300207"	="6"	="3/3/25"	=""	="CANC"	="ENCE CAPC ERRD NEXE"	="G-CSN-10-175-413-019"	="196.42"	="0.000"	=""	="X"	=""	="[TROCAR] COMPS PD CJ BOW LV LT2 MAR"
="ELIMINADO"	=""	="8001691"	="TUBO BARDELLA CSNVAI2610 2361, 2362,2363"	="12.000"	="CDA"	="5I3"	="80008012899"	="38300207"	="7"	="3/3/25"	=""	="CANC"	="ENCE CAPC ERRD NEXE"	="G-CSN-10-175-413-019"	="0.00"	="0.000"	=""	="X"	=""	="[TROCAR] COMPS PD CJ BOW LV LT2 MAR"
="ELIMINADO"	=""	="8001690"	="TUBO BARDELLA CSNVAI2611 2371,2372,2373"	="12.000"	="CDA"	="5I3"	="80008012899"	="38300207"	="8"	="3/3/25"	=""	="CANC"	="ENCE CAPC ERRD NEXE"	="G-CSN-10-175-413-019"	="1,253.59"	="0.000"	=""	="X"	=""	="[TROCAR] COMPS PD CJ BOW LV LT2 MAR"
="ELIMINADO"	=""	="8001183"	="ANEL O VITON   14,00X  4,00MM"	="96.000"	="CDA"	="5I3"	="80008012903"	="38300263"	="1"	="4/3/25"	=""	="CANC"	="ENCE CAPC ERRD NEXE"	="G-CSN-10-176-400-403"	="4.83"	="0.000"	=""	="X"	=""	="[TROCAR] COMPS PD CJ BOW LV LT1 ABR"
="ELIMINADO"	=""	="8001181"	="ANEL O VITON  110,00X  3,50MM"	="48.000"	="CDA"	="5I3"	="80008012903"	="38300263"	="2"	="4/3/25"	=""	="CANC"	="ENCE CAPC ERRD NEXE"	="G-CSN-10-176-400-403"	="12.58"	="0.000"	=""	="X"	=""	="[TROCAR] COMPS PD CJ BOW LV LT1 ABR"
="ELIMINADO"	=""	="9185994"	="FELTRO MEIO DURO 14X  11X 510MM BR"	="24.000"	="CDA"	="5I3"	="80008012903"	="38300263"	="3"	="4/3/25"	=""	="CANC"	="ENCE CAPC ERRD NEXE"	="G-CSN-10-176-400-403"	="13.28"	="0.000"	=""	="X"	=""	="[TROCAR] COMPS PD CJ BOW LV LT1 ABR"
="ELIMINADO"	=""	="8003154"	="PARAFUSO SEXT AISI410    M 6X     18MM"	="144.000"	="CDA"	="5I3"	="80008012903"	="38300263"	="4"	="4/3/25"	=""	="CANC"	="ENCE CAPC ERRD NEXE"	="G-CSN-10-176-400-403"	="0.51"	="0.000"	=""	="X"	=""	="[TROCAR] COMPS PD CJ BOW LV LT1 ABR"
="ELIMINADO"	=""	="8001215"	="TAMPA BARDELLA CSNVAI2605 2305"	="24.000"	="CDA"	="5I3"	="80008012903"	="38300263"	="5"	="4/3/25"	=""	="CANC"	="ENCE CAPC ERRD NEXE"	="G-CSN-10-176-400-403"	="666.15"	="0.000"	=""	="X"	=""	="[TROCAR] COMPS PD CJ BOW LV LT1 ABR"
="ELIMINADO"	=""	="8001293"	="BUCHA BARDELLA CSNVAI2603 2303"	="48.000"	="CDA"	="5I3"	="80008012969"	="38300269"	="1"	="4/3/25"	=""	="CANC"	="ENCE CAPC ERRD NEXE"	="G-CSN-10-175-423-015"	="491.27"	="0.000"	=""	="X"	=""	="[TROCAR] COMPS PD CJ BOW LV LT2 ABR"
="ELIMINADO"	=""	="8001210"	="BUCHA BARDELLA CSNVAI2607 2308"	="24.000"	="CDA"	="5I3"	="80008012969"	="38300269"	="2"	="4/3/25"	=""	="CANC"	="ENCE CAPC ERRD NEXE"	="G-CSN-10-175-423-015"	="1,049.21"	="0.000"	=""	="X"	=""	="[TROCAR] COMPS PD CJ BOW LV LT2 ABR"
="ELIMINADO"	=""	="9148564"	="JUNTA DEUBLIN 2425000005"	="24.000"	="CDA"	="5I3"	="80008012969"	="38300269"	="3"	="4/3/25"	=""	="CANC"	="ENCE CAPC ERRD NEXE"	="G-CSN-10-175-423-015"	="1,834.13"	="0.000"	=""	="X"	=""	="[TROCAR] COMPS PD CJ BOW LV LT2 ABR"
="ELIMINADO"	=""	="8001213"	="MANCAL BARDELLA CSNVAI2609 2341, 2342"	="48.000"	="CDA"	="5I3"	="80008012969"	="38300269"	="4"	="4/3/25"	=""	="CANC"	="ENCE CAPC ERRD NEXE"	="G-CSN-10-175-423-015"	="3,633.11"	="0.000"	=""	="X"	=""	="[TROCAR] COMPS PD CJ BOW LV LT2 ABR"
="ELIMINADO"	=""	="1779090"	="ROLAMENTO AUT ROLO  110,00X  170,00MM"	="48.000"	="CDA"	="5I3"	="80008012969"	="38300269"	="5"	="4/3/25"	=""	="CANC"	="ENCE CAPC ERRD NEXE"	="G-CSN-10-175-423-015"	="1,645.31"	="0.000"	=""	="X"	=""	="[TROCAR] COMPS PD CJ BOW LV LT2 ABR"
="ELIMINADO"	=""	="8001290"	="TAMPA BARDELLA CSNVAI2604 2304"	="24.000"	="CDA"	="5I3"	="80008012969"	="38300269"	="6"	="4/3/25"	=""	="CANC"	="ENCE CAPC ERRD NEXE"	="G-CSN-10-175-423-015"	="196.42"	="0.000"	=""	="X"	=""	="[TROCAR] COMPS PD CJ BOW LV LT2 ABR"
="ELIMINADO"	=""	="8001691"	="TUBO BARDELLA CSNVAI2610 2361, 2362,2363"	="12.000"	="CDA"	="5I3"	="80008012969"	="38300269"	="7"	="4/3/25"	=""	="CANC"	="ENCE CAPC ERRD NEXE"	="G-CSN-10-175-423-015"	="0.00"	="0.000"	=""	="X"	=""	="[TROCAR] COMPS PD CJ BOW LV LT2 ABR"
="ELIMINADO"	=""	="8001690"	="TUBO BARDELLA CSNVAI2611 2371,2372,2373"	="12.000"	="CDA"	="5I3"	="80008012969"	="38300269"	="8"	="4/3/25"	=""	="CANC"	="ENCE CAPC ERRD NEXE"	="G-CSN-10-175-423-015"	="1,253.59"	="0.000"	=""	="X"	=""	="[TROCAR] COMPS PD CJ BOW LV LT2 ABR"
="ELIMINADO"	=""	="8001183"	="ANEL O VITON   14,00X  4,00MM"	="96.000"	="CDA"	="5I3"	="80008012973"	="38300339"	="1"	="5/3/25"	=""	="CANC"	="ENCE CAPC ERRD NEXE"	="G-CSN-10-175-423-016"	="4.83"	="0.000"	=""	="X"	=""	="[TROCAR] COMPS PD CJ BOW LV LT1 MAI"
="ELIMINADO"	=""	="8001181"	="ANEL O VITON  110,00X  3,50MM"	="48.000"	="CDA"	="5I3"	="80008012973"	="38300339"	="2"	="5/3/25"	=""	="CANC"	="ENCE CAPC ERRD NEXE"	="G-CSN-10-175-423-016"	="12.58"	="0.000"	=""	="X"	=""	="[TROCAR] COMPS PD CJ BOW LV LT1 MAI"
="ELIMINADO"	=""	="9185994"	="FELTRO MEIO DURO 14X  11X 510MM BR"	="24.000"	="CDA"	="5I3"	="80008012973"	="38300339"	="3"	="5/3/25"	=""	="CANC"	="ENCE CAPC ERRD NEXE"	="G-CSN-10-175-423-016"	="13.28"	="0.000"	=""	="X"	=""	="[TROCAR] COMPS PD CJ BOW LV LT1 MAI"
="ELIMINADO"	=""	="8003154"	="PARAFUSO SEXT AISI410    M 6X     18MM"	="144.000"	="CDA"	="5I3"	="80008012973"	="38300339"	="4"	="5/3/25"	=""	="CANC"	="ENCE CAPC ERRD NEXE"	="G-CSN-10-175-423-016"	="0.51"	="0.000"	=""	="X"	=""	="[TROCAR] COMPS PD CJ BOW LV LT1 MAI"
="ELIMINADO"	=""	="8001215"	="TAMPA BARDELLA CSNVAI2605 2305"	="24.000"	="CDA"	="5I3"	="80008012973"	="38300339"	="5"	="5/3/25"	=""	="CANC"	="ENCE CAPC ERRD NEXE"	="G-CSN-10-175-423-016"	="666.15"	="0.000"	=""	="X"	=""	="[TROCAR] COMPS PD CJ BOW LV LT1 MAI"
="ELIMINADO"	=""	="8001293"	="BUCHA BARDELLA CSNVAI2603 2303"	="48.000"	="CDA"	="5I3"	="80008013034"	="38300347"	="1"	="5/3/25"	=""	="CANC"	="ENCE CAPC ERRD NEXE"	="G-CSN-10-175-423-017"	="491.27"	="0.000"	=""	="X"	=""	="[TROCAR] COMPS PD CJ BOW LV LT2 MAI"
="ELIMINADO"	=""	="8001210"	="BUCHA BARDELLA CSNVAI2607 2308"	="24.000"	="CDA"	="5I3"	="80008013034"	="38300347"	="2"	="5/3/25"	=""	="CANC"	="ENCE CAPC ERRD NEXE"	="G-CSN-10-175-423-017"	="1,049.21"	="0.000"	=""	="X"	=""	="[TROCAR] COMPS PD CJ BOW LV LT2 MAI"
="ELIMINADO"	=""	="9148564"	="JUNTA DEUBLIN 2425000005"	="24.000"	="CDA"	="5I3"	="80008013034"	="38300347"	="3"	="5/3/25"	=""	="CANC"	="ENCE CAPC ERRD NEXE"	="G-CSN-10-175-423-017"	="1,834.13"	="0.000"	=""	="X"	=""	="[TROCAR] COMPS PD CJ BOW LV LT2 MAI"
="ELIMINADO"	=""	="8001213"	="MANCAL BARDELLA CSNVAI2609 2341, 2342"	="48.000"	="CDA"	="5I3"	="80008013034"	="38300347"	="4"	="5/3/25"	=""	="CANC"	="ENCE CAPC ERRD NEXE"	="G-CSN-10-175-423-017"	="3,633.11"	="0.000"	=""	="X"	=""	="[TROCAR] COMPS PD CJ BOW LV LT2 MAI"
="ELIMINADO"	=""	="1779090"	="ROLAMENTO AUT ROLO  110,00X  170,00MM"	="48.000"	="CDA"	="5I3"	="80008013034"	="38300347"	="5"	="5/3/25"	=""	="CANC"	="ENCE CAPC ERRD NEXE"	="G-CSN-10-175-423-017"	="1,645.31"	="0.000"	=""	="X"	=""	="[TROCAR] COMPS PD CJ BOW LV LT2 MAI"
="ELIMINADO"	=""	="8001290"	="TAMPA BARDELLA CSNVAI2604 2304"	="24.000"	="CDA"	="5I3"	="80008013034"	="38300347"	="6"	="5/3/25"	=""	="CANC"	="ENCE CAPC ERRD NEXE"	="G-CSN-10-175-423-017"	="196.42"	="0.000"	=""	="X"	=""	="[TROCAR] COMPS PD CJ BOW LV LT2 MAI"
="ELIMINADO"	=""	="8001691"	="TUBO BARDELLA CSNVAI2610 2361, 2362,2363"	="12.000"	="CDA"	="5I3"	="80008013034"	="38300347"	="7"	="5/3/25"	=""	="CANC"	="ENCE CAPC ERRD NEXE"	="G-CSN-10-175-423-017"	="0.00"	="0.000"	=""	="X"	=""	="[TROCAR] COMPS PD CJ BOW LV LT2 MAI"
="ELIMINADO"	=""	="8001690"	="TUBO BARDELLA CSNVAI2611 2371,2372,2373"	="12.000"	="CDA"	="5I3"	="80008013034"	="38300347"	="8"	="5/3/25"	=""	="CANC"	="ENCE CAPC ERRD NEXE"	="G-CSN-10-175-423-017"	="1,253.59"	="0.000"	=""	="X"	=""	="[TROCAR] COMPS PD CJ BOW LV LT2 MAI"
="ELIMINADO"	=""	="8001183"	="ANEL O VITON   14,00X  4,00MM"	="96.000"	="CDA"	="5I3"	="80008013037"	="38300465"	="1"	="6/3/25"	=""	="CANC"	="ENCE CAPC ERRD NEXE"	="G-CSN-10-175-423-018"	="4.83"	="0.000"	=""	="X"	=""	="[TROCAR] COMPS PD CJ BOW LV LT1 JUN"
="ELIMINADO"	=""	="9185994"	="FELTRO MEIO DURO 14X  11X 510MM BR"	="24.000"	="CDA"	="5I3"	="80008013037"	="38300465"	="3"	="6/3/25"	=""	="CANC"	="ENCE CAPC ERRD NEXE"	="G-CSN-10-175-423-018"	="13.28"	="0.000"	=""	="X"	=""	="[TROCAR] COMPS PD CJ BOW LV LT1 JUN"
="ELIMINADO"	=""	="8003154"	="PARAFUSO SEXT AISI410    M 6X     18MM"	="144.000"	="CDA"	="5I3"	="80008013037"	="38300465"	="4"	="6/3/25"	=""	="CANC"	="ENCE CAPC ERRD NEXE"	="G-CSN-10-175-423-018"	="0.51"	="0.000"	=""	="X"	=""	="[TROCAR] COMPS PD CJ BOW LV LT1 JUN"
="ELIMINADO"	=""	="8001215"	="TAMPA BARDELLA CSNVAI2605 2305"	="24.000"	="CDA"	="5I3"	="80008013037"	="38300465"	="5"	="6/3/25"	=""	="CANC"	="ENCE CAPC ERRD NEXE"	="G-CSN-10-175-423-018"	="666.15"	="0.000"	=""	="X"	=""	="[TROCAR] COMPS PD CJ BOW LV LT1 JUN"
="ELIMINADO"	=""	="8001293"	="BUCHA BARDELLA CSNVAI2603 2303"	="48.000"	="CDA"	="5I3"	="80008013111"	="38300470"	="1"	="6/3/25"	=""	="CANC"	="ENCE CAPC ERRD NEXE"	="G-CSN-10-175-423-019"	="491.27"	="0.000"	=""	="X"	=""	="[TROCAR] COMPS PD CJ BOW LV LT2 JUN"
="ELIMINADO"	=""	="8001210"	="BUCHA BARDELLA CSNVAI2607 2308"	="24.000"	="CDA"	="5I3"	="80008013111"	="38300470"	="2"	="6/3/25"	=""	="CANC"	="ENCE CAPC ERRD NEXE"	="G-CSN-10-175-423-019"	="1,049.21"	="0.000"	=""	="X"	=""	="[TROCAR] COMPS PD CJ BOW LV LT2 JUN"
="ELIMINADO"	=""	="9148564"	="JUNTA DEUBLIN 2425000005"	="24.000"	="CDA"	="5I3"	="80008013111"	="38300470"	="3"	="6/3/25"	=""	="CANC"	="ENCE CAPC ERRD NEXE"	="G-CSN-10-175-423-019"	="1,834.13"	="0.000"	=""	="X"	=""	="[TROCAR] COMPS PD CJ BOW LV LT2 JUN"
="ELIMINADO"	=""	="8001213"	="MANCAL BARDELLA CSNVAI2609 2341, 2342"	="48.000"	="CDA"	="5I3"	="80008013111"	="38300470"	="4"	="6/3/25"	=""	="CANC"	="ENCE CAPC ERRD NEXE"	="G-CSN-10-175-423-019"	="3,633.11"	="0.000"	=""	="X"	=""	="[TROCAR] COMPS PD CJ BOW LV LT2 JUN"
="ELIMINADO"	=""	="1779090"	="ROLAMENTO AUT ROLO  110,00X  170,00MM"	="48.000"	="CDA"	="5I3"	="80008013111"	="38300470"	="5"	="6/3/25"	=""	="CANC"	="ENCE CAPC ERRD NEXE"	="G-CSN-10-175-423-019"	="1,645.31"	="0.000"	=""	="X"	=""	="[TROCAR] COMPS PD CJ BOW LV LT2 JUN"
="ELIMINADO"	=""	="8001290"	="TAMPA BARDELLA CSNVAI2604 2304"	="24.000"	="CDA"	="5I3"	="80008013111"	="38300470"	="6"	="6/3/25"	=""	="CANC"	="ENCE CAPC ERRD NEXE"	="G-CSN-10-175-423-019"	="196.42"	="0.000"	=""	="X"	=""	="[TROCAR] COMPS PD CJ BOW LV LT2 JUN"
="ELIMINADO"	=""	="8001691"	="TUBO BARDELLA CSNVAI2610 2361, 2362,2363"	="12.000"	="CDA"	="5I3"	="80008013111"	="38300470"	="7"	="6/3/25"	=""	="CANC"	="ENCE CAPC ERRD NEXE"	="G-CSN-10-175-423-019"	="0.00"	="0.000"	=""	="X"	=""	="[TROCAR] COMPS PD CJ BOW LV LT2 JUN"
="ELIMINADO"	=""	="8001690"	="TUBO BARDELLA CSNVAI2611 2371,2372,2373"	="12.000"	="CDA"	="5I3"	="80008013111"	="38300470"	="8"	="6/3/25"	=""	="CANC"	="ENCE CAPC ERRD NEXE"	="G-CSN-10-175-423-019"	="1,253.59"	="0.000"	=""	="X"	=""	="[TROCAR] COMPS PD CJ BOW LV LT2 JUN"
="ELIMINADO"	=""	="8001189"	="ANEL BARDELLA CSNVAI2613"	="96.000"	="CDA"	="5I3"	="80008013517"	="38301346"	="1"	="1/3/25"	=""	="CANC"	="ENCE CAPC ERRD NEXE"	="G-CSN-10-176-400-413"	="150.55"	="0.000"	=""	="X"	=""	="[TROCAR] COMPS V1 CJ BOW LV LT1 JAN"
="ELIMINADO"	=""	="1779119"	="PARAFUSO CIL CL8.8    M 8X     20MM"	="264.000"	="CDA"	="5I3"	="80008013517"	="38301346"	="2"	="1/3/25"	=""	="CANC"	="ENCE CAPC ERRD NEXE"	="G-CSN-10-176-400-413"	="0.50"	="0.000"	=""	="X"	=""	="[TROCAR] COMPS V1 CJ BOW LV LT1 JAN"
="ELIMINADO"	=""	="8001291"	="TAMPA BARDELLA CSNVAI2606 2307"	="24.000"	="CDA"	="5I3"	="80008013517"	="38301346"	="3"	="1/3/25"	=""	="CANC"	="ENCE CAPC ERRD NEXE"	="G-CSN-10-176-400-413"	="1,093.14"	="0.000"	=""	="X"	=""	="[TROCAR] COMPS V1 CJ BOW LV LT1 JAN"
="ELIMINADO"	=""	="8001189"	="ANEL BARDELLA CSNVAI2613"	="96.000"	="CDA"	="5I3"	="80008013524"	="38301353"	="1"	="2/3/25"	=""	="CANC"	="ENCE CAPC ERRD NEXE"	="G-CSN-10-175-413-015"	="150.55"	="0.000"	=""	="X"	=""	="[TROCAR] COMPS V1 CJ BOW LV LT1 FEV"
="ELIMINADO"	=""	="1779119"	="PARAFUSO CIL CL8.8    M 8X     20MM"	="264.000"	="CDA"	="5I3"	="80008013524"	="38301353"	="2"	="2/3/25"	=""	="CANC"	="ENCE CAPC ERRD NEXE"	="G-CSN-10-175-413-015"	="0.50"	="0.000"	=""	="X"	=""	="[TROCAR] COMPS V1 CJ BOW LV LT1 FEV"
="ELIMINADO"	=""	="8001291"	="TAMPA BARDELLA CSNVAI2606 2307"	="24.000"	="CDA"	="5I3"	="80008013524"	="38301353"	="3"	="2/3/25"	=""	="CANC"	="ENCE CAPC ERRD NEXE"	="G-CSN-10-175-413-015"	="1,093.14"	="0.000"	=""	="X"	=""	="[TROCAR] COMPS V1 CJ BOW LV LT1 FEV"
="ELIMINADO"	=""	="8001189"	="ANEL BARDELLA CSNVAI2613"	="96.000"	="CDA"	="5I3"	="80008013527"	="38301367"	="1"	="3/3/25"	=""	="CANC"	="ENCE CAPC ERRD NEXE"	="G-CSN-10-175-413-016"	="150.55"	="0.000"	=""	="X"	=""	="[TROCAR] COMPS V1 CJ BOW LV LT1 MAR"
="ELIMINADO"	=""	="1779119"	="PARAFUSO CIL CL8.8    M 8X     20MM"	="264.000"	="CDA"	="5I3"	="80008013527"	="38301367"	="2"	="3/3/25"	=""	="CANC"	="ENCE CAPC ERRD NEXE"	="G-CSN-10-175-413-016"	="0.50"	="0.000"	=""	="X"	=""	="[TROCAR] COMPS V1 CJ BOW LV LT1 MAR"
="ELIMINADO"	=""	="8001291"	="TAMPA BARDELLA CSNVAI2606 2307"	="24.000"	="CDA"	="5I3"	="80008013527"	="38301367"	="3"	="3/3/25"	=""	="CANC"	="ENCE CAPC ERRD NEXE"	="G-CSN-10-175-413-016"	="1,093.14"	="0.000"	=""	="X"	=""	="[TROCAR] COMPS V1 CJ BOW LV LT1 MAR"
="ELIMINADO"	=""	="8001189"	="ANEL BARDELLA CSNVAI2613"	="96.000"	="CDA"	="5I3"	="80008013531"	="38301378"	="1"	="4/3/25"	=""	="CANC"	="ENCE CAPC ERRD NEXE"	="G-CSN-10-175-413-017"	="150.55"	="0.000"	=""	="X"	=""	="[TROCAR] COMPS V1 CJ BOW LV LT1 ABR"
="ELIMINADO"	=""	="1779119"	="PARAFUSO CIL CL8.8    M 8X     20MM"	="264.000"	="CDA"	="5I3"	="80008013531"	="38301378"	="2"	="4/3/25"	=""	="CANC"	="ENCE CAPC ERRD NEXE"	="G-CSN-10-175-413-017"	="0.50"	="0.000"	=""	="X"	=""	="[TROCAR] COMPS V1 CJ BOW LV LT1 ABR"
="ELIMINADO"	=""	="8001291"	="TAMPA BARDELLA CSNVAI2606 2307"	="24.000"	="CDA"	="5I3"	="80008013531"	="38301378"	="3"	="4/3/25"	=""	="CANC"	="ENCE CAPC ERRD NEXE"	="G-CSN-10-175-413-017"	="1,093.14"	="0.000"	=""	="X"	=""	="[TROCAR] COMPS V1 CJ BOW LV LT1 ABR"
="ELIMINADO"	=""	="8001189"	="ANEL BARDELLA CSNVAI2613"	="96.000"	="CDA"	="5I3"	="80008013538"	="38301383"	="1"	="5/3/25"	=""	="CANC"	="ENCE CAPC ERRD NEXE"	="G-CSN-10-175-413-018"	="150.55"	="0.000"	=""	="X"	=""	="[TROCAR] COMPS V1 CJ BOW LV LT1 MAI"
="ELIMINADO"	=""	="1779119"	="PARAFUSO CIL CL8.8    M 8X     20MM"	="264.000"	="CDA"	="5I3"	="80008013538"	="38301383"	="2"	="5/3/25"	=""	="CANC"	="ENCE CAPC ERRD NEXE"	="G-CSN-10-175-413-018"	="0.50"	="0.000"	=""	="X"	=""	="[TROCAR] COMPS V1 CJ BOW LV LT1 MAI"
="ELIMINADO"	=""	="8001291"	="TAMPA BARDELLA CSNVAI2606 2307"	="24.000"	="CDA"	="5I3"	="80008013538"	="38301383"	="3"	="5/3/25"	=""	="CANC"	="ENCE CAPC ERRD NEXE"	="G-CSN-10-175-413-018"	="1,093.14"	="0.000"	=""	="X"	=""	="[TROCAR] COMPS V1 CJ BOW LV LT1 MAI"
="ELIMINADO"	=""	="8001189"	="ANEL BARDELLA CSNVAI2613"	="96.000"	="CDA"	="5I3"	="80008013543"	="38301425"	="1"	="6/3/25"	=""	="CANC"	="ENCE CAPC ERRD NEXE"	="G-CSN-10-175-413-019"	="150.55"	="0.000"	=""	="X"	=""	="[TROCAR] COMPS V1 CJ BOW LV LT1 JUN"
="ELIMINADO"	=""	="1779119"	="PARAFUSO CIL CL8.8    M 8X     20MM"	="264.000"	="CDA"	="5I3"	="80008013543"	="38301425"	="2"	="6/3/25"	=""	="CANC"	="ENCE CAPC ERRD NEXE"	="G-CSN-10-175-413-019"	="0.50"	="0.000"	=""	="X"	=""	="[TROCAR] COMPS V1 CJ BOW LV LT1 JUN"
="ELIMINADO"	=""	="8001291"	="TAMPA BARDELLA CSNVAI2606 2307"	="24.000"	="CDA"	="5I3"	="80008013543"	="38301425"	="3"	="6/3/25"	=""	="CANC"	="ENCE CAPC ERRD NEXE"	="G-CSN-10-175-413-019"	="1,093.14"	="0.000"	=""	="X"	=""	="[TROCAR] COMPS V1 CJ BOW LV LT1 JUN"
="ELIMINADO"	=""	="8001149"	="ANEL O VITON   69,00X  3,50MM"	="24.000"	="CDA"	="5I3"	="80008014065"	="38302540"	="1"	="1/3/25"	=""	="CANC"	="ENCE CAPC ERRD NEXE"	="G-CSN-10-176-400-403"	="10.76"	="0.000"	=""	="X"	=""	="[TROCAR] COMPS V1 CJ BOW LV LT2 JAN"
="ELIMINADO"	=""	="1675495"	="ARRUELA PRES AISI304     M 6"	="144.000"	="CDA"	="5I3"	="80008014065"	="38302540"	="2"	="1/3/25"	=""	="CANC"	="ENCE CAPC ERRD NEXE"	="G-CSN-10-176-400-403"	="0.07"	="0.000"	=""	="X"	=""	="[TROCAR] COMPS V1 CJ BOW LV LT2 JAN"
="ELIMINADO"	=""	="8001294"	="BUCHA BARDELLA CSNVAI2608 2311"	="24.000"	="CDA"	="5I3"	="80008014065"	="38302540"	="3"	="1/3/25"	=""	="CANC"	="ENCE CAPC ERRD NEXE"	="G-CSN-10-176-400-403"	="34.12"	="0.000"	=""	="X"	=""	="[TROCAR] COMPS V1 CJ BOW LV LT2 JAN"
="ELIMINADO"	=""	="1231752"	="PARAFUSO CIL CL10.9    M 8X     30MM"	="264.000"	="CDA"	="5I3"	="80008014065"	="38302540"	="4"	="1/3/25"	=""	="CANC"	="ENCE CAPC ERRD NEXE"	="G-CSN-10-176-400-403"	="0.48"	="0.000"	=""	="X"	=""	="[TROCAR] COMPS V1 CJ BOW LV LT2 JAN"
="ELIMINADO"	=""	="1779120"	="PARAFUSO CIL CL8.8    M10X     30MM"	="144.000"	="CDA"	="5I3"	="80008014065"	="38302540"	="5"	="1/3/25"	=""	="CANC"	="ENCE CAPC ERRD NEXE"	="G-CSN-10-176-400-403"	="1.32"	="0.000"	=""	="X"	=""	="[TROCAR] COMPS V1 CJ BOW LV LT2 JAN"
="ELIMINADO"	=""	="1779118"	="PARAFUSO CIL CL8.8    M10X     45MM"	="144.000"	="CDA"	="5I3"	="80008014065"	="38302540"	="6"	="1/3/25"	=""	="CANC"	="ENCE CAPC ERRD NEXE"	="G-CSN-10-176-400-403"	="1.91"	="0.000"	=""	="X"	=""	="[TROCAR] COMPS V1 CJ BOW LV LT2 JAN"
="ELIMINADO"	=""	="1678314"	="RETENTOR NBR  160,00X  130,00X 14,00MM"	="72.000"	="CDA"	="5I3"	="80008014065"	="38302540"	="7"	="1/3/25"	=""	="CANC"	="ENCE CAPC ERRD NEXE"	="G-CSN-10-176-400-403"	="38.21"	="0.000"	=""	="X"	=""	="[TROCAR] COMPS V1 CJ BOW LV LT2 JAN"
="ELIMINADO"	=""	="8001149"	="ANEL O VITON   69,00X  3,50MM"	="24.000"	="CDA"	="5I3"	="80008014066"	="38302544"	="1"	="2/3/25"	=""	="CANC"	="ENCE CAPC ERRD NEXE"	="G-CSN-10-175-423-015"	="10.76"	="0.000"	=""	="X"	=""	="[TROCAR] COMPS V1 CJ BOW LV LT2 FEV"
="ELIMINADO"	=""	="1675495"	="ARRUELA PRES AISI304     M 6"	="144.000"	="CDA"	="5I3"	="80008014066"	="38302544"	="2"	="2/3/25"	=""	="CANC"	="ENCE CAPC ERRD NEXE"	="G-CSN-10-175-423-015"	="0.07"	="0.000"	=""	="X"	=""	="[TROCAR] COMPS V1 CJ BOW LV LT2 FEV"
="ELIMINADO"	=""	="8001294"	="BUCHA BARDELLA CSNVAI2608 2311"	="24.000"	="CDA"	="5I3"	="80008014066"	="38302544"	="3"	="2/3/25"	=""	="CANC"	="ENCE CAPC ERRD NEXE"	="G-CSN-10-175-423-015"	="34.12"	="0.000"	=""	="X"	=""	="[TROCAR] COMPS V1 CJ BOW LV LT2 FEV"
="ELIMINADO"	=""	="1231752"	="PARAFUSO CIL CL10.9    M 8X     30MM"	="264.000"	="CDA"	="5I3"	="80008014066"	="38302544"	="4"	="2/3/25"	=""	="CANC"	="ENCE CAPC ERRD NEXE"	="G-CSN-10-175-423-015"	="0.48"	="0.000"	=""	="X"	=""	="[TROCAR] COMPS V1 CJ BOW LV LT2 FEV"
="ELIMINADO"	=""	="1779120"	="PARAFUSO CIL CL8.8    M10X     30MM"	="144.000"	="CDA"	="5I3"	="80008014066"	="38302544"	="5"	="2/3/25"	=""	="CANC"	="ENCE CAPC ERRD NEXE"	="G-CSN-10-175-423-015"	="1.32"	="0.000"	=""	="X"	=""	="[TROCAR] COMPS V1 CJ BOW LV LT2 FEV"
="ELIMINADO"	=""	="1779118"	="PARAFUSO CIL CL8.8    M10X     45MM"	="144.000"	="CDA"	="5I3"	="80008014066"	="38302544"	="6"	="2/3/25"	=""	="CANC"	="ENCE CAPC ERRD NEXE"	="G-CSN-10-175-423-015"	="1.91"	="0.000"	=""	="X"	=""	="[TROCAR] COMPS V1 CJ BOW LV LT2 FEV"
="ELIMINADO"	=""	="1678314"	="RETENTOR NBR  160,00X  130,00X 14,00MM"	="72.000"	="CDA"	="5I3"	="80008014066"	="38302544"	="7"	="2/3/25"	=""	="CANC"	="ENCE CAPC ERRD NEXE"	="G-CSN-10-175-423-015"	="38.21"	="0.000"	=""	="X"	=""	="[TROCAR] COMPS V1 CJ BOW LV LT2 FEV"
="ELIMINADO"	=""	="8001149"	="ANEL O VITON   69,00X  3,50MM"	="24.000"	="CDA"	="5I3"	="80008014067"	="38302546"	="1"	="3/3/25"	=""	="CANC"	="ENCE CAPC ERRD NEXE"	="G-CSN-10-175-423-016"	="10.76"	="0.000"	=""	="X"	=""	="[TROCAR] COMPS V1 CJ BOW LV LT2 MAR"
="ELIMINADO"	=""	="1675495"	="ARRUELA PRES AISI304     M 6"	="144.000"	="CDA"	="5I3"	="80008014067"	="38302546"	="2"	="3/3/25"	=""	="CANC"	="ENCE CAPC ERRD NEXE"	="G-CSN-10-175-423-016"	="0.07"	="0.000"	=""	="X"	=""	="[TROCAR] COMPS V1 CJ BOW LV LT2 MAR"
="ELIMINADO"	=""	="8001294"	="BUCHA BARDELLA CSNVAI2608 2311"	="24.000"	="CDA"	="5I3"	="80008014067"	="38302546"	="3"	="3/3/25"	=""	="CANC"	="ENCE CAPC ERRD NEXE"	="G-CSN-10-175-423-016"	="34.12"	="0.000"	=""	="X"	=""	="[TROCAR] COMPS V1 CJ BOW LV LT2 MAR"
="ELIMINADO"	=""	="1231752"	="PARAFUSO CIL CL10.9    M 8X     30MM"	="264.000"	="CDA"	="5I3"	="80008014067"	="38302546"	="4"	="3/3/25"	=""	="CANC"	="ENCE CAPC ERRD NEXE"	="G-CSN-10-175-423-016"	="0.48"	="0.000"	=""	="X"	=""	="[TROCAR] COMPS V1 CJ BOW LV LT2 MAR"
="ELIMINADO"	=""	="1779120"	="PARAFUSO CIL CL8.8    M10X     30MM"	="144.000"	="CDA"	="5I3"	="80008014067"	="38302546"	="5"	="3/3/25"	=""	="CANC"	="ENCE CAPC ERRD NEXE"	="G-CSN-10-175-423-016"	="1.32"	="0.000"	=""	="X"	=""	="[TROCAR] COMPS V1 CJ BOW LV LT2 MAR"
="ELIMINADO"	=""	="1779118"	="PARAFUSO CIL CL8.8    M10X     45MM"	="144.000"	="CDA"	="5I3"	="80008014067"	="38302546"	="6"	="3/3/25"	=""	="CANC"	="ENCE CAPC ERRD NEXE"	="G-CSN-10-175-423-016"	="1.91"	="0.000"	=""	="X"	=""	="[TROCAR] COMPS V1 CJ BOW LV LT2 MAR"
="ELIMINADO"	=""	="1678314"	="RETENTOR NBR  160,00X  130,00X 14,00MM"	="72.000"	="CDA"	="5I3"	="80008014067"	="38302546"	="7"	="3/3/25"	=""	="CANC"	="ENCE CAPC ERRD NEXE"	="G-CSN-10-175-423-016"	="38.21"	="0.000"	=""	="X"	=""	="[TROCAR] COMPS V1 CJ BOW LV LT2 MAR"
="ELIMINADO"	=""	="8001149"	="ANEL O VITON   69,00X  3,50MM"	="24.000"	="CDA"	="5I3"	="80008014068"	="38302554"	="1"	="4/3/25"	=""	="CANC"	="ENCE CAPC ERRD NEXE"	="G-CSN-10-175-423-017"	="10.76"	="0.000"	=""	="X"	=""	="[TROCAR] COMPS V1 CJ BOW LV LT2 ABR"
="ELIMINADO"	=""	="1675495"	="ARRUELA PRES AISI304     M 6"	="144.000"	="CDA"	="5I3"	="80008014068"	="38302554"	="2"	="4/3/25"	=""	="CANC"	="ENCE CAPC ERRD NEXE"	="G-CSN-10-175-423-017"	="0.07"	="0.000"	=""	="X"	=""	="[TROCAR] COMPS V1 CJ BOW LV LT2 ABR"
="ELIMINADO"	=""	="8001294"	="BUCHA BARDELLA CSNVAI2608 2311"	="24.000"	="CDA"	="5I3"	="80008014068"	="38302554"	="3"	="4/3/25"	=""	="CANC"	="ENCE CAPC ERRD NEXE"	="G-CSN-10-175-423-017"	="34.12"	="0.000"	=""	="X"	=""	="[TROCAR] COMPS V1 CJ BOW LV LT2 ABR"
="ELIMINADO"	=""	="1231752"	="PARAFUSO CIL CL10.9    M 8X     30MM"	="264.000"	="CDA"	="5I3"	="80008014068"	="38302554"	="4"	="4/3/25"	=""	="CANC"	="ENCE CAPC ERRD NEXE"	="G-CSN-10-175-423-017"	="0.48"	="0.000"	=""	="X"	=""	="[TROCAR] COMPS V1 CJ BOW LV LT2 ABR"
="ELIMINADO"	=""	="1779120"	="PARAFUSO CIL CL8.8    M10X     30MM"	="144.000"	="CDA"	="5I3"	="80008014068"	="38302554"	="5"	="4/3/25"	=""	="CANC"	="ENCE CAPC ERRD NEXE"	="G-CSN-10-175-423-017"	="1.32"	="0.000"	=""	="X"	=""	="[TROCAR] COMPS V1 CJ BOW LV LT2 ABR"
="ELIMINADO"	=""	="1779118"	="PARAFUSO CIL CL8.8    M10X     45MM"	="144.000"	="CDA"	="5I3"	="80008014068"	="38302554"	="6"	="4/3/25"	=""	="CANC"	="ENCE CAPC ERRD NEXE"	="G-CSN-10-175-423-017"	="1.91"	="0.000"	=""	="X"	=""	="[TROCAR] COMPS V1 CJ BOW LV LT2 ABR"
="ELIMINADO"	=""	="1678314"	="RETENTOR NBR  160,00X  130,00X 14,00MM"	="72.000"	="CDA"	="5I3"	="80008014068"	="38302554"	="7"	="4/3/25"	=""	="CANC"	="ENCE CAPC ERRD NEXE"	="G-CSN-10-175-423-017"	="38.21"	="0.000"	=""	="X"	=""	="[TROCAR] COMPS V1 CJ BOW LV LT2 ABR"
="ELIMINADO"	=""	="8001149"	="ANEL O VITON   69,00X  3,50MM"	="24.000"	="CDA"	="5I3"	="80008014069"	="38302602"	="1"	="5/3/25"	=""	="CANC"	="ENCE CAPC ERRD NEXE"	="G-CSN-10-175-423-018"	="10.76"	="0.000"	=""	="X"	=""	="[TROCAR] COMPS V1 CJ BOW LV LT2 MAI"
="ELIMINADO"	=""	="1675495"	="ARRUELA PRES AISI304     M 6"	="144.000"	="CDA"	="5I3"	="80008014069"	="38302602"	="2"	="5/3/25"	=""	="CANC"	="ENCE CAPC ERRD NEXE"	="G-CSN-10-175-423-018"	="0.07"	="0.000"	=""	="X"	=""	="[TROCAR] COMPS V1 CJ BOW LV LT2 MAI"
="ELIMINADO"	=""	="8001294"	="BUCHA BARDELLA CSNVAI2608 2311"	="24.000"	="CDA"	="5I3"	="80008014069"	="38302602"	="3"	="5/3/25"	=""	="CANC"	="ENCE CAPC ERRD NEXE"	="G-CSN-10-175-423-018"	="34.12"	="0.000"	=""	="X"	=""	="[TROCAR] COMPS V1 CJ BOW LV LT2 MAI"
="ELIMINADO"	=""	="1231752"	="PARAFUSO CIL CL10.9    M 8X     30MM"	="264.000"	="CDA"	="5I3"	="80008014069"	="38302602"	="4"	="5/3/25"	=""	="CANC"	="ENCE CAPC ERRD NEXE"	="G-CSN-10-175-423-018"	="0.48"	="0.000"	=""	="X"	=""	="[TROCAR] COMPS V1 CJ BOW LV LT2 MAI"
="ELIMINADO"	=""	="1779120"	="PARAFUSO CIL CL8.8    M10X     30MM"	="144.000"	="CDA"	="5I3"	="80008014069"	="38302602"	="5"	="5/3/25"	=""	="CANC"	="ENCE CAPC ERRD NEXE"	="G-CSN-10-175-423-018"	="1.32"	="0.000"	=""	="X"	=""	="[TROCAR] COMPS V1 CJ BOW LV LT2 MAI"
="ELIMINADO"	=""	="1779118"	="PARAFUSO CIL CL8.8    M10X     45MM"	="144.000"	="CDA"	="5I3"	="80008014069"	="38302602"	="6"	="5/3/25"	=""	="CANC"	="ENCE CAPC ERRD NEXE"	="G-CSN-10-175-423-018"	="1.91"	="0.000"	=""	="X"	=""	="[TROCAR] COMPS V1 CJ BOW LV LT2 MAI"
="ELIMINADO"	=""	="1678314"	="RETENTOR NBR  160,00X  130,00X 14,00MM"	="72.000"	="CDA"	="5I3"	="80008014069"	="38302602"	="7"	="5/3/25"	=""	="CANC"	="ENCE CAPC ERRD NEXE"	="G-CSN-10-175-423-018"	="38.21"	="0.000"	=""	="X"	=""	="[TROCAR] COMPS V1 CJ BOW LV LT2 MAI"
="ELIMINADO"	=""	="8001149"	="ANEL O VITON   69,00X  3,50MM"	="24.000"	="CDA"	="5I3"	="80008014070"	="38302605"	="1"	="6/3/25"	=""	="CANC"	="ENCE CAPC ERRD NEXE"	="G-CSN-10-175-423-019"	="10.76"	="0.000"	=""	="X"	=""	="[TROCAR] COMPS V1 CJ BOW LV LT2 JUN"
="ELIMINADO"	=""	="1675495"	="ARRUELA PRES AISI304     M 6"	="144.000"	="CDA"	="5I3"	="80008014070"	="38302605"	="2"	="6/3/25"	=""	="CANC"	="ENCE CAPC ERRD NEXE"	="G-CSN-10-175-423-019"	="0.07"	="0.000"	=""	="X"	=""	="[TROCAR] COMPS V1 CJ BOW LV LT2 JUN"
="ELIMINADO"	=""	="8001294"	="BUCHA BARDELLA CSNVAI2608 2311"	="24.000"	="CDA"	="5I3"	="80008014070"	="38302605"	="3"	="6/3/25"	=""	="CANC"	="ENCE CAPC ERRD NEXE"	="G-CSN-10-175-423-019"	="34.12"	="0.000"	=""	="X"	=""	="[TROCAR] COMPS V1 CJ BOW LV LT2 JUN"
="ELIMINADO"	=""	="1231752"	="PARAFUSO CIL CL10.9    M 8X     30MM"	="264.000"	="CDA"	="5I3"	="80008014070"	="38302605"	="4"	="6/3/25"	=""	="CANC"	="ENCE CAPC ERRD NEXE"	="G-CSN-10-175-423-019"	="0.48"	="0.000"	=""	="X"	=""	="[TROCAR] COMPS V1 CJ BOW LV LT2 JUN"
="ELIMINADO"	=""	="1779120"	="PARAFUSO CIL CL8.8    M10X     30MM"	="144.000"	="CDA"	="5I3"	="80008014070"	="38302605"	="5"	="6/3/25"	=""	="CANC"	="ENCE CAPC ERRD NEXE"	="G-CSN-10-175-423-019"	="1.32"	="0.000"	=""	="X"	=""	="[TROCAR] COMPS V1 CJ BOW LV LT2 JUN"
="ELIMINADO"	=""	="1779118"	="PARAFUSO CIL CL8.8    M10X     45MM"	="144.000"	="CDA"	="5I3"	="80008014070"	="38302605"	="6"	="6/3/25"	=""	="CANC"	="ENCE CAPC ERRD NEXE"	="G-CSN-10-175-423-019"	="1.91"	="0.000"	=""	="X"	=""	="[TROCAR] COMPS V1 CJ BOW LV LT2 JUN"
="ELIMINADO"	=""	="1678314"	="RETENTOR NBR  160,00X  130,00X 14,00MM"	="72.000"	="CDA"	="5I3"	="80008014070"	="38302605"	="7"	="6/3/25"	=""	="CANC"	="ENCE CAPC ERRD NEXE"	="G-CSN-10-175-423-019"	="38.21"	="0.000"	=""	="X"	=""	="[TROCAR] COMPS V1 CJ BOW LV LT2 JUN"
="ELIMINADO"	=""	="1789839"	="ESPACADOR BARDELLA CSNVAI2660"	="2.000"	="CDA"	="5I3"	="80008106121"	="38422891"	="1"	="1/3/25"	=""	="CANC"	="ENCE CAPC ERRD NEXE"	="G-CSN-10-176-400-403"	="173.98"	="0.000"	=""	="X"	=""	="[TROCAR] COMPS PD CJ BOW AC LT1 JAN"
="ELIMINADO"	=""	="8095014"	="PARAFUSO CIL AISI304    M12X     25MM"	="4.000"	="CDA"	="5I3"	="80008106121"	="38422891"	="2"	="1/3/25"	=""	="CANC"	="ENCE CAPC ERRD NEXE"	="G-CSN-10-176-400-403"	="4.17"	="0.000"	=""	="X"	=""	="[TROCAR] COMPS PD CJ BOW AC LT1 JAN"
="ELIMINADO"	=""	="8003154"	="PARAFUSO SEXT AISI410    M 6X     18MM"	="24.000"	="CDA"	="5I3"	="80008106121"	="38422891"	="3"	="1/3/25"	=""	="CANC"	="ENCE CAPC ERRD NEXE"	="G-CSN-10-176-400-403"	="0.51"	="0.000"	=""	="X"	=""	="[TROCAR] COMPS PD CJ BOW AC LT1 JAN"
="ELIMINADO"	=""	="8001214"	="TAMPA BARDELLA CSNVAI2659 2513"	="2.000"	="CDA"	="5I3"	="80008106121"	="38422891"	="4"	="1/3/25"	=""	="CANC"	="ENCE CAPC ERRD NEXE"	="G-CSN-10-176-400-403"	="598.25"	="0.000"	=""	="X"	=""	="[TROCAR] COMPS PD CJ BOW AC LT1 JAN"
="ELIMINADO"	=""	="8001183"	="ANEL O VITON   14,00X  4,00MM"	="32.000"	="CDA"	="5I3"	="80008106121"	="38422891"	="5"	="1/3/25"	=""	="CANC"	="ENCE CAPC ERRD NEXE"	="G-CSN-10-176-400-403"	="4.83"	="0.000"	=""	="X"	=""	="[TROCAR] COMPS PD CJ BOW AC LT1 JAN"
="ELIMINADO"	=""	="1789839"	="ESPACADOR BARDELLA CSNVAI2660"	="2.000"	="CDA"	="5I3"	="80008106122"	="38422895"	="1"	="2/3/25"	=""	="CANC"	="ENCE CAPC ERRD NEXE"	="G-CSN-10-175-423-015"	="173.98"	="0.000"	=""	="X"	=""	="[TROCAR] COMPS PD CJ BOW AC LT1 FEV"
="ELIMINADO"	=""	="8095014"	="PARAFUSO CIL AISI304    M12X     25MM"	="4.000"	="CDA"	="5I3"	="80008106122"	="38422895"	="2"	="2/3/25"	=""	="CANC"	="ENCE CAPC ERRD NEXE"	="G-CSN-10-175-423-015"	="4.17"	="0.000"	=""	="X"	=""	="[TROCAR] COMPS PD CJ BOW AC LT1 FEV"
="ELIMINADO"	=""	="8003154"	="PARAFUSO SEXT AISI410    M 6X     18MM"	="24.000"	="CDA"	="5I3"	="80008106122"	="38422895"	="3"	="2/3/25"	=""	="CANC"	="ENCE CAPC ERRD NEXE"	="G-CSN-10-175-423-015"	="0.51"	="0.000"	=""	="X"	=""	="[TROCAR] COMPS PD CJ BOW AC LT1 FEV"
="ELIMINADO"	=""	="8001214"	="TAMPA BARDELLA CSNVAI2659 2513"	="2.000"	="CDA"	="5I3"	="80008106122"	="38422895"	="4"	="2/3/25"	=""	="CANC"	="ENCE CAPC ERRD NEXE"	="G-CSN-10-175-423-015"	="598.25"	="0.000"	=""	="X"	=""	="[TROCAR] COMPS PD CJ BOW AC LT1 FEV"
="ELIMINADO"	=""	="8001183"	="ANEL O VITON   14,00X  4,00MM"	="32.000"	="CDA"	="5I3"	="80008106122"	="38422895"	="5"	="2/3/25"	=""	="CANC"	="ENCE CAPC ERRD NEXE"	="G-CSN-10-175-423-015"	="4.83"	="0.000"	=""	="X"	=""	="[TROCAR] COMPS PD CJ BOW AC LT1 FEV"
="ELIMINADO"	=""	="1789839"	="ESPACADOR BARDELLA CSNVAI2660"	="2.000"	="CDA"	="5I3"	="80008106124"	="38422979"	="1"	="3/3/25"	=""	="CANC"	="ENCE CAPC ERRD NEXE"	="G-CSN-10-175-423-016"	="173.98"	="0.000"	=""	="X"	=""	="[TROCAR] COMPS PD CJ BOW AC LT1 MAR"
="ELIMINADO"	=""	="8095014"	="PARAFUSO CIL AISI304    M12X     25MM"	="4.000"	="CDA"	="5I3"	="80008106124"	="38422979"	="2"	="3/3/25"	=""	="CANC"	="ENCE CAPC ERRD NEXE"	="G-CSN-10-175-423-016"	="4.17"	="0.000"	=""	="X"	=""	="[TROCAR] COMPS PD CJ BOW AC LT1 MAR"
="ELIMINADO"	=""	="8003154"	="PARAFUSO SEXT AISI410    M 6X     18MM"	="24.000"	="CDA"	="5I3"	="80008106124"	="38422979"	="3"	="3/3/25"	=""	="CANC"	="ENCE CAPC ERRD NEXE"	="G-CSN-10-175-423-016"	="0.51"	="0.000"	=""	="X"	=""	="[TROCAR] COMPS PD CJ BOW AC LT1 MAR"
="ELIMINADO"	=""	="8001214"	="TAMPA BARDELLA CSNVAI2659 2513"	="2.000"	="CDA"	="5I3"	="80008106124"	="38422979"	="4"	="3/3/25"	=""	="CANC"	="ENCE CAPC ERRD NEXE"	="G-CSN-10-175-423-016"	="598.25"	="0.000"	=""	="X"	=""	="[TROCAR] COMPS PD CJ BOW AC LT1 MAR"
="ELIMINADO"	=""	="8001183"	="ANEL O VITON   14,00X  4,00MM"	="32.000"	="CDA"	="5I3"	="80008106124"	="38422979"	="5"	="3/3/25"	=""	="CANC"	="ENCE CAPC ERRD NEXE"	="G-CSN-10-175-423-016"	="4.83"	="0.000"	=""	="X"	=""	="[TROCAR] COMPS PD CJ BOW AC LT1 MAR"
="ELIMINADO"	=""	="1789839"	="ESPACADOR BARDELLA CSNVAI2660"	="2.000"	="CDA"	="5I3"	="80008106207"	="38422996"	="1"	="4/3/25"	=""	="CANC"	="ENCE CAPC ERRD NEXE"	="G-CSN-10-175-423-017"	="173.98"	="0.000"	=""	="X"	=""	="[TROCAR] COMPS PD CJ BOW AC LT1 ABR"
="ELIMINADO"	=""	="8095014"	="PARAFUSO CIL AISI304    M12X     25MM"	="4.000"	="CDA"	="5I3"	="80008106207"	="38422996"	="2"	="4/3/25"	=""	="CANC"	="ENCE CAPC ERRD NEXE"	="G-CSN-10-175-423-017"	="4.17"	="0.000"	=""	="X"	=""	="[TROCAR] COMPS PD CJ BOW AC LT1 ABR"
="ELIMINADO"	=""	="8003154"	="PARAFUSO SEXT AISI410    M 6X     18MM"	="24.000"	="CDA"	="5I3"	="80008106207"	="38422996"	="3"	="4/3/25"	=""	="CANC"	="ENCE CAPC ERRD NEXE"	="G-CSN-10-175-423-017"	="0.51"	="0.000"	=""	="X"	=""	="[TROCAR] COMPS PD CJ BOW AC LT1 ABR"
="ELIMINADO"	=""	="8001214"	="TAMPA BARDELLA CSNVAI2659 2513"	="2.000"	="CDA"	="5I3"	="80008106207"	="38422996"	="4"	="4/3/25"	=""	="CANC"	="ENCE CAPC ERRD NEXE"	="G-CSN-10-175-423-017"	="598.25"	="0.000"	=""	="X"	=""	="[TROCAR] COMPS PD CJ BOW AC LT1 ABR"
="ELIMINADO"	=""	="8001183"	="ANEL O VITON   14,00X  4,00MM"	="32.000"	="CDA"	="5I3"	="80008106207"	="38422996"	="5"	="4/3/25"	=""	="CANC"	="ENCE CAPC ERRD NEXE"	="G-CSN-10-175-423-017"	="4.83"	="0.000"	=""	="X"	=""	="[TROCAR] COMPS PD CJ BOW AC LT1 ABR"
="ELIMINADO"	=""	="1789839"	="ESPACADOR BARDELLA CSNVAI2660"	="2.000"	="CDA"	="5I3"	="80008106210"	="38422999"	="1"	="5/3/25"	=""	="CANC"	="ENCE CAPC ERRD NEXE"	="G-CSN-10-175-423-018"	="173.98"	="0.000"	=""	="X"	=""	="[TROCAR] COMPS PD CJ BOW AC LT1 MAI"
="ELIMINADO"	=""	="8095014"	="PARAFUSO CIL AISI304    M12X     25MM"	="4.000"	="CDA"	="5I3"	="80008106210"	="38422999"	="2"	="5/3/25"	=""	="CANC"	="ENCE CAPC ERRD NEXE"	="G-CSN-10-175-423-018"	="4.17"	="0.000"	=""	="X"	=""	="[TROCAR] COMPS PD CJ BOW AC LT1 MAI"
="ELIMINADO"	=""	="8003154"	="PARAFUSO SEXT AISI410    M 6X     18MM"	="24.000"	="CDA"	="5I3"	="80008106210"	="38422999"	="3"	="5/3/25"	=""	="CANC"	="ENCE CAPC ERRD NEXE"	="G-CSN-10-175-423-018"	="0.51"	="0.000"	=""	="X"	=""	="[TROCAR] COMPS PD CJ BOW AC LT1 MAI"
="ELIMINADO"	=""	="8001214"	="TAMPA BARDELLA CSNVAI2659 2513"	="2.000"	="CDA"	="5I3"	="80008106210"	="38422999"	="4"	="5/3/25"	=""	="CANC"	="ENCE CAPC ERRD NEXE"	="G-CSN-10-175-423-018"	="598.25"	="0.000"	=""	="X"	=""	="[TROCAR] COMPS PD CJ BOW AC LT1 MAI"
="ELIMINADO"	=""	="8001183"	="ANEL O VITON   14,00X  4,00MM"	="32.000"	="CDA"	="5I3"	="80008106210"	="38422999"	="5"	="5/3/25"	=""	="CANC"	="ENCE CAPC ERRD NEXE"	="G-CSN-10-175-423-018"	="4.83"	="0.000"	=""	="X"	=""	="[TROCAR] COMPS PD CJ BOW AC LT1 MAI"
="ELIMINADO"	=""	="1789839"	="ESPACADOR BARDELLA CSNVAI2660"	="2.000"	="CDA"	="5I3"	="80008106212"	="38423004"	="1"	="6/3/25"	=""	="CANC"	="ENCE CAPC ERRD NEXE"	="G-CSN-10-175-423-019"	="173.98"	="0.000"	=""	="X"	=""	="[TROCAR] COMPS PD CJ BOW AC LT1 JUN"
="ELIMINADO"	=""	="8095014"	="PARAFUSO CIL AISI304    M12X     25MM"	="4.000"	="CDA"	="5I3"	="80008106212"	="38423004"	="2"	="6/3/25"	=""	="CANC"	="ENCE CAPC ERRD NEXE"	="G-CSN-10-175-423-019"	="4.17"	="0.000"	=""	="X"	=""	="[TROCAR] COMPS PD CJ BOW AC LT1 JUN"
="ELIMINADO"	=""	="8003154"	="PARAFUSO SEXT AISI410    M 6X     18MM"	="24.000"	="CDA"	="5I3"	="80008106212"	="38423004"	="3"	="6/3/25"	=""	="CANC"	="ENCE CAPC ERRD NEXE"	="G-CSN-10-175-423-019"	="0.51"	="0.000"	=""	="X"	=""	="[TROCAR] COMPS PD CJ BOW AC LT1 JUN"
="ELIMINADO"	=""	="8001214"	="TAMPA BARDELLA CSNVAI2659 2513"	="2.000"	="CDA"	="5I3"	="80008106212"	="38423004"	="4"	="6/3/25"	=""	="CANC"	="ENCE CAPC ERRD NEXE"	="G-CSN-10-175-423-019"	="598.25"	="0.000"	=""	="X"	=""	="[TROCAR] COMPS PD CJ BOW AC LT1 JUN"
="ELIMINADO"	=""	="8001183"	="ANEL O VITON   14,00X  4,00MM"	="32.000"	="CDA"	="5I3"	="80008106212"	="38423004"	="5"	="6/3/25"	=""	="CANC"	="ENCE CAPC ERRD NEXE"	="G-CSN-10-175-423-019"	="4.83"	="0.000"	=""	="X"	=""	="[TROCAR] COMPS PD CJ BOW AC LT1 JUN"
="ELIMINADO"	=""	="8002971"	="CHAVETA CSN DM029392 3"	="4.000"	="CDA"	="5I3"	="80008109185"	="38427405"	="1"	="1/3/25"	=""	="CANC"	="ENCE CAPC ERRD NEXE"	="G-CSN-10-175-423-016"	="210.34"	="0.000"	=""	="X"	=""	="[TROCAR] COMPS PD CJ BOW AC LT2 JAN"
="ELIMINADO"	=""	="9184483"	="EIXO CSN DM647086 01"	="2.000"	="CDA"	="5I3"	="80008109185"	="38427405"	="2"	="1/3/25"	=""	="CANC"	="ENCE CAPC ERRD NEXE"	="G-CSN-10-175-423-016"	="14,570.38"	="0.000"	=""	="X"	=""	="[TROCAR] COMPS PD CJ BOW AC LT2 JAN"
="ELIMINADO"	=""	="1789838"	="ESPACADOR BARDELLA CSNVAI2658"	="2.000"	="CDA"	="5I3"	="80008109185"	="38427405"	="3"	="1/3/25"	=""	="CANC"	="ENCE CAPC ERRD NEXE"	="G-CSN-10-175-423-016"	="0.00"	="0.000"	=""	="X"	=""	="[TROCAR] COMPS PD CJ BOW AC LT2 JAN"
="ELIMINADO"	=""	="9184481"	="FLANGE CSN DM647088 01"	="4.000"	="CDA"	="5I3"	="80008109185"	="38427405"	="4"	="1/3/25"	=""	="CANC"	="ENCE CAPC ERRD NEXE"	="G-CSN-10-175-423-016"	="3,597.20"	="0.000"	=""	="X"	=""	="[TROCAR] COMPS PD CJ BOW AC LT2 JAN"
="ELIMINADO"	=""	="9148564"	="JUNTA DEUBLIN 2425000005"	="2.000"	="CDA"	="5I3"	="80008109185"	="38427405"	="5"	="1/3/25"	=""	="CANC"	="ENCE CAPC ERRD NEXE"	="G-CSN-10-175-423-016"	="1,834.13"	="0.000"	=""	="X"	=""	="[TROCAR] COMPS PD CJ BOW AC LT2 JAN"
="ELIMINADO"	=""	="8001212"	="MANCAL BARDELLA CSNVAI2667 2546, 2547"	="4.000"	="CDA"	="5I3"	="80008109185"	="38427405"	="6"	="1/3/25"	=""	="CANC"	="ENCE CAPC ERRD NEXE"	="G-CSN-10-175-423-016"	="4,017.94"	="0.000"	=""	="X"	=""	="[TROCAR] COMPS PD CJ BOW AC LT2 JAN"
="ELIMINADO"	=""	="1789837"	="PLUGUE BARDELLA CSNVAI2665 2531, 2532"	="2.000"	="CDA"	="5I3"	="80008109185"	="38427405"	="7"	="1/3/25"	=""	="CANC"	="ENCE CAPC ERRD NEXE"	="G-CSN-10-175-423-016"	="1,235.36"	="0.000"	=""	="X"	=""	="[TROCAR] COMPS PD CJ BOW AC LT2 JAN"
="ELIMINADO"	=""	="8001292"	="TAMPA BARDELLA CSNVAI2655 2507"	="4.000"	="CDA"	="5I3"	="80008109185"	="38427405"	="8"	="1/3/25"	=""	="CANC"	="ENCE CAPC ERRD NEXE"	="G-CSN-10-175-423-016"	="713.73"	="0.000"	=""	="X"	=""	="[TROCAR] COMPS PD CJ BOW AC LT2 JAN"
="ELIMINADO"	=""	="8001809"	="TUBO BARDELLA CSNVAI2664 2521,2522, 2523"	="2.000"	="CDA"	="5I3"	="80008109185"	="38427405"	="9"	="1/3/25"	=""	="CANC"	="ENCE CAPC ERRD NEXE"	="G-CSN-10-175-423-016"	="0.00"	="0.000"	=""	="X"	=""	="[TROCAR] COMPS PD CJ BOW AC LT2 JAN"
="ELIMINADO"	=""	="8002971"	="CHAVETA CSN DM029392 3"	="4.000"	="CDA"	="5I3"	="80008109190"	="38427411"	="1"	="2/3/25"	=""	="CANC"	="ENCE CAPC ERRD NEXE"	="G-CSN-10-175-423-017"	="210.34"	="0.000"	=""	="X"	=""	="[TROCAR] COMPS PD CJ BOW AC LT2 FEV"
="ELIMINADO"	=""	="9184483"	="EIXO CSN DM647086 01"	="2.000"	="CDA"	="5I3"	="80008109190"	="38427411"	="2"	="2/3/25"	=""	="CANC"	="ENCE CAPC ERRD NEXE"	="G-CSN-10-175-423-017"	="14,570.38"	="0.000"	=""	="X"	=""	="[TROCAR] COMPS PD CJ BOW AC LT2 FEV"
="ELIMINADO"	=""	="1789838"	="ESPACADOR BARDELLA CSNVAI2658"	="2.000"	="CDA"	="5I3"	="80008109190"	="38427411"	="3"	="2/3/25"	=""	="CANC"	="ENCE CAPC ERRD NEXE"	="G-CSN-10-175-423-017"	="0.00"	="0.000"	=""	="X"	=""	="[TROCAR] COMPS PD CJ BOW AC LT2 FEV"
="ELIMINADO"	=""	="9184481"	="FLANGE CSN DM647088 01"	="4.000"	="CDA"	="5I3"	="80008109190"	="38427411"	="4"	="2/3/25"	=""	="CANC"	="ENCE CAPC ERRD NEXE"	="G-CSN-10-175-423-017"	="3,597.20"	="0.000"	=""	="X"	=""	="[TROCAR] COMPS PD CJ BOW AC LT2 FEV"
="ELIMINADO"	=""	="9148564"	="JUNTA DEUBLIN 2425000005"	="2.000"	="CDA"	="5I3"	="80008109190"	="38427411"	="5"	="2/3/25"	=""	="CANC"	="ENCE CAPC ERRD NEXE"	="G-CSN-10-175-423-017"	="1,834.13"	="0.000"	=""	="X"	=""	="[TROCAR] COMPS PD CJ BOW AC LT2 FEV"
="ELIMINADO"	=""	="8001212"	="MANCAL BARDELLA CSNVAI2667 2546, 2547"	="4.000"	="CDA"	="5I3"	="80008109190"	="38427411"	="6"	="2/3/25"	=""	="CANC"	="ENCE CAPC ERRD NEXE"	="G-CSN-10-175-423-017"	="4,017.94"	="0.000"	=""	="X"	=""	="[TROCAR] COMPS PD CJ BOW AC LT2 FEV"
="ELIMINADO"	=""	="1789837"	="PLUGUE BARDELLA CSNVAI2665 2531, 2532"	="2.000"	="CDA"	="5I3"	="80008109190"	="38427411"	="7"	="2/3/25"	=""	="CANC"	="ENCE CAPC ERRD NEXE"	="G-CSN-10-175-423-017"	="1,235.36"	="0.000"	=""	="X"	=""	="[TROCAR] COMPS PD CJ BOW AC LT2 FEV"
="ELIMINADO"	=""	="8001292"	="TAMPA BARDELLA CSNVAI2655 2507"	="4.000"	="CDA"	="5I3"	="80008109190"	="38427411"	="8"	="2/3/25"	=""	="CANC"	="ENCE CAPC ERRD NEXE"	="G-CSN-10-175-423-017"	="713.73"	="0.000"	=""	="X"	=""	="[TROCAR] COMPS PD CJ BOW AC LT2 FEV"
="ELIMINADO"	=""	="8001809"	="TUBO BARDELLA CSNVAI2664 2521,2522, 2523"	="2.000"	="CDA"	="5I3"	="80008109190"	="38427411"	="9"	="2/3/25"	=""	="CANC"	="ENCE CAPC ERRD NEXE"	="G-CSN-10-175-423-017"	="0.00"	="0.000"	=""	="X"	=""	="[TROCAR] COMPS PD CJ BOW AC LT2 FEV"
="ELIMINADO"	=""	="8002971"	="CHAVETA CSN DM029392 3"	="4.000"	="CDA"	="5I3"	="80008109197"	="38427416"	="1"	="3/3/25"	=""	="CANC"	="ENCE CAPC ERRD NEXE"	="G-CSN-10-175-423-018"	="210.34"	="0.000"	=""	="X"	=""	="[TROCAR] COMPS PD CJ BOW AC LT2 MAR"
="ELIMINADO"	=""	="9184483"	="EIXO CSN DM647086 01"	="2.000"	="CDA"	="5I3"	="80008109197"	="38427416"	="2"	="3/3/25"	=""	="CANC"	="ENCE CAPC ERRD NEXE"	="G-CSN-10-175-423-018"	="14,570.38"	="0.000"	=""	="X"	=""	="[TROCAR] COMPS PD CJ BOW AC LT2 MAR"
="ELIMINADO"	=""	="1789838"	="ESPACADOR BARDELLA CSNVAI2658"	="2.000"	="CDA"	="5I3"	="80008109197"	="38427416"	="3"	="3/3/25"	=""	="CANC"	="ENCE CAPC ERRD NEXE"	="G-CSN-10-175-423-018"	="0.00"	="0.000"	=""	="X"	=""	="[TROCAR] COMPS PD CJ BOW AC LT2 MAR"
="ELIMINADO"	=""	="9184481"	="FLANGE CSN DM647088 01"	="4.000"	="CDA"	="5I3"	="80008109197"	="38427416"	="4"	="3/3/25"	=""	="CANC"	="ENCE CAPC ERRD NEXE"	="G-CSN-10-175-423-018"	="3,597.20"	="0.000"	=""	="X"	=""	="[TROCAR] COMPS PD CJ BOW AC LT2 MAR"
="ELIMINADO"	=""	="9148564"	="JUNTA DEUBLIN 2425000005"	="2.000"	="CDA"	="5I3"	="80008109197"	="38427416"	="5"	="3/3/25"	=""	="CANC"	="ENCE CAPC ERRD NEXE"	="G-CSN-10-175-423-018"	="1,834.13"	="0.000"	=""	="X"	=""	="[TROCAR] COMPS PD CJ BOW AC LT2 MAR"
="ELIMINADO"	=""	="8001212"	="MANCAL BARDELLA CSNVAI2667 2546, 2547"	="4.000"	="CDA"	="5I3"	="80008109197"	="38427416"	="6"	="3/3/25"	=""	="CANC"	="ENCE CAPC ERRD NEXE"	="G-CSN-10-175-423-018"	="4,017.94"	="0.000"	=""	="X"	=""	="[TROCAR] COMPS PD CJ BOW AC LT2 MAR"
="ELIMINADO"	=""	="1789837"	="PLUGUE BARDELLA CSNVAI2665 2531, 2532"	="2.000"	="CDA"	="5I3"	="80008109197"	="38427416"	="7"	="3/3/25"	=""	="CANC"	="ENCE CAPC ERRD NEXE"	="G-CSN-10-175-423-018"	="1,235.36"	="0.000"	=""	="X"	=""	="[TROCAR] COMPS PD CJ BOW AC LT2 MAR"
="ELIMINADO"	=""	="8001292"	="TAMPA BARDELLA CSNVAI2655 2507"	="4.000"	="CDA"	="5I3"	="80008109197"	="38427416"	="8"	="3/3/25"	=""	="CANC"	="ENCE CAPC ERRD NEXE"	="G-CSN-10-175-423-018"	="713.73"	="0.000"	=""	="X"	=""	="[TROCAR] COMPS PD CJ BOW AC LT2 MAR"
="ELIMINADO"	=""	="8001809"	="TUBO BARDELLA CSNVAI2664 2521,2522, 2523"	="2.000"	="CDA"	="5I3"	="80008109197"	="38427416"	="9"	="3/3/25"	=""	="CANC"	="ENCE CAPC ERRD NEXE"	="G-CSN-10-175-423-018"	="0.00"	="0.000"	=""	="X"	=""	="[TROCAR] COMPS PD CJ BOW AC LT2 MAR"
="ELIMINADO"	=""	="8002971"	="CHAVETA CSN DM029392 3"	="4.000"	="CDA"	="5I3"	="80008109203"	="38427469"	="1"	="4/3/25"	=""	="CANC"	="ENCE CAPC ERRD NEXE"	="G-CSN-10-175-423-019"	="210.34"	="0.000"	=""	="X"	=""	="[TROCAR] COMPS PD CJ BOW AC LT2 ABR"
="ELIMINADO"	=""	="9184483"	="EIXO CSN DM647086 01"	="2.000"	="CDA"	="5I3"	="80008109203"	="38427469"	="2"	="4/3/25"	=""	="CANC"	="ENCE CAPC ERRD NEXE"	="G-CSN-10-175-423-019"	="14,570.38"	="0.000"	=""	="X"	=""	="[TROCAR] COMPS PD CJ BOW AC LT2 ABR"
="ELIMINADO"	=""	="1789838"	="ESPACADOR BARDELLA CSNVAI2658"	="2.000"	="CDA"	="5I3"	="80008109203"	="38427469"	="3"	="4/3/25"	=""	="CANC"	="ENCE CAPC ERRD NEXE"	="G-CSN-10-175-423-019"	="0.00"	="0.000"	=""	="X"	=""	="[TROCAR] COMPS PD CJ BOW AC LT2 ABR"
="ELIMINADO"	=""	="9184481"	="FLANGE CSN DM647088 01"	="4.000"	="CDA"	="5I3"	="80008109203"	="38427469"	="4"	="4/3/25"	=""	="CANC"	="ENCE CAPC ERRD NEXE"	="G-CSN-10-175-423-019"	="3,597.20"	="0.000"	=""	="X"	=""	="[TROCAR] COMPS PD CJ BOW AC LT2 ABR"
="ELIMINADO"	=""	="9148564"	="JUNTA DEUBLIN 2425000005"	="2.000"	="CDA"	="5I3"	="80008109203"	="38427469"	="5"	="4/3/25"	=""	="CANC"	="ENCE CAPC ERRD NEXE"	="G-CSN-10-175-423-019"	="1,834.13"	="0.000"	=""	="X"	=""	="[TROCAR] COMPS PD CJ BOW AC LT2 ABR"
="ELIMINADO"	=""	="8001212"	="MANCAL BARDELLA CSNVAI2667 2546, 2547"	="4.000"	="CDA"	="5I3"	="80008109203"	="38427469"	="6"	="4/3/25"	=""	="CANC"	="ENCE CAPC ERRD NEXE"	="G-CSN-10-175-423-019"	="4,017.94"	="0.000"	=""	="X"	=""	="[TROCAR] COMPS PD CJ BOW AC LT2 ABR"
="ELIMINADO"	=""	="1789837"	="PLUGUE BARDELLA CSNVAI2665 2531, 2532"	="2.000"	="CDA"	="5I3"	="80008109203"	="38427469"	="7"	="4/3/25"	=""	="CANC"	="ENCE CAPC ERRD NEXE"	="G-CSN-10-175-423-019"	="1,235.36"	="0.000"	=""	="X"	=""	="[TROCAR] COMPS PD CJ BOW AC LT2 ABR"
="ELIMINADO"	=""	="8001292"	="TAMPA BARDELLA CSNVAI2655 2507"	="4.000"	="CDA"	="5I3"	="80008109203"	="38427469"	="8"	="4/3/25"	=""	="CANC"	="ENCE CAPC ERRD NEXE"	="G-CSN-10-175-423-019"	="713.73"	="0.000"	=""	="X"	=""	="[TROCAR] COMPS PD CJ BOW AC LT2 ABR"
="ELIMINADO"	=""	="8001809"	="TUBO BARDELLA CSNVAI2664 2521,2522, 2523"	="2.000"	="CDA"	="5I3"	="80008109203"	="38427469"	="9"	="4/3/25"	=""	="CANC"	="ENCE CAPC ERRD NEXE"	="G-CSN-10-175-423-019"	="0.00"	="0.000"	=""	="X"	=""	="[TROCAR] COMPS PD CJ BOW AC LT2 ABR"
="ELIMINADO"	=""	="8002971"	="CHAVETA CSN DM029392 3"	="4.000"	="CDA"	="5I3"	="80008109204"	="38427518"	="1"	="5/3/25"	=""	="CANC"	="ENCE CAPC ERRD NEXE"	="G-CSN-10-176-400-413"	="210.34"	="0.000"	=""	="X"	=""	="[TROCAR] COMPS PD CJ BOW AC LT2 MAI"
="ELIMINADO"	=""	="9184483"	="EIXO CSN DM647086 01"	="2.000"	="CDA"	="5I3"	="80008109204"	="38427518"	="2"	="5/3/25"	=""	="CANC"	="ENCE CAPC ERRD NEXE"	="G-CSN-10-176-400-413"	="14,570.38"	="0.000"	=""	="X"	=""	="[TROCAR] COMPS PD CJ BOW AC LT2 MAI"
="ELIMINADO"	=""	="1789838"	="ESPACADOR BARDELLA CSNVAI2658"	="2.000"	="CDA"	="5I3"	="80008109204"	="38427518"	="3"	="5/3/25"	=""	="CANC"	="ENCE CAPC ERRD NEXE"	="G-CSN-10-176-400-413"	="0.00"	="0.000"	=""	="X"	=""	="[TROCAR] COMPS PD CJ BOW AC LT2 MAI"
="ELIMINADO"	=""	="9184481"	="FLANGE CSN DM647088 01"	="4.000"	="CDA"	="5I3"	="80008109204"	="38427518"	="4"	="5/3/25"	=""	="CANC"	="ENCE CAPC ERRD NEXE"	="G-CSN-10-176-400-413"	="3,597.20"	="0.000"	=""	="X"	=""	="[TROCAR] COMPS PD CJ BOW AC LT2 MAI"
="ELIMINADO"	=""	="9148564"	="JUNTA DEUBLIN 2425000005"	="2.000"	="CDA"	="5I3"	="80008109204"	="38427518"	="5"	="5/3/25"	=""	="CANC"	="ENCE CAPC ERRD NEXE"	="G-CSN-10-176-400-413"	="1,834.13"	="0.000"	=""	="X"	=""	="[TROCAR] COMPS PD CJ BOW AC LT2 MAI"
="ELIMINADO"	=""	="8001212"	="MANCAL BARDELLA CSNVAI2667 2546, 2547"	="4.000"	="CDA"	="5I3"	="80008109204"	="38427518"	="6"	="5/3/25"	=""	="CANC"	="ENCE CAPC ERRD NEXE"	="G-CSN-10-176-400-413"	="4,017.94"	="0.000"	=""	="X"	=""	="[TROCAR] COMPS PD CJ BOW AC LT2 MAI"
="ELIMINADO"	=""	="1789837"	="PLUGUE BARDELLA CSNVAI2665 2531, 2532"	="2.000"	="CDA"	="5I3"	="80008109204"	="38427518"	="7"	="5/3/25"	=""	="CANC"	="ENCE CAPC ERRD NEXE"	="G-CSN-10-176-400-413"	="1,235.36"	="0.000"	=""	="X"	=""	="[TROCAR] COMPS PD CJ BOW AC LT2 MAI"
="ELIMINADO"	=""	="8001292"	="TAMPA BARDELLA CSNVAI2655 2507"	="4.000"	="CDA"	="5I3"	="80008109204"	="38427518"	="8"	="5/3/25"	=""	="CANC"	="ENCE CAPC ERRD NEXE"	="G-CSN-10-176-400-413"	="713.73"	="0.000"	=""	="X"	=""	="[TROCAR] COMPS PD CJ BOW AC LT2 MAI"
="ELIMINADO"	=""	="8001809"	="TUBO BARDELLA CSNVAI2664 2521,2522, 2523"	="2.000"	="CDA"	="5I3"	="80008109204"	="38427518"	="9"	="5/3/25"	=""	="CANC"	="ENCE CAPC ERRD NEXE"	="G-CSN-10-176-400-413"	="0.00"	="0.000"	=""	="X"	=""	="[TROCAR] COMPS PD CJ BOW AC LT2 MAI"
="ELIMINADO"	=""	="8001762"	="ANEL O VITON   50,39X  3,53MM"	="2.000"	="CDA"	="5I3"	="80008109630"	="38428439"	="1"	="1/3/25"	=""	="CANC"	="ENCE CAPC ERRD NEXE"	="G-CSN-10-175-413-016"	="5.70"	="0.000"	=""	="X"	=""	="[TROCAR] COMPS V1 CJ BOW AC LT1 JAN"
="ELIMINADO"	=""	="8001761"	="ANEL O VITON   64,77X  2,62MM"	="2.000"	="CDA"	="5I3"	="80008109630"	="38428439"	="2"	="1/3/25"	=""	="CANC"	="ENCE CAPC ERRD NEXE"	="G-CSN-10-175-413-016"	="4.32"	="0.000"	=""	="X"	=""	="[TROCAR] COMPS V1 CJ BOW AC LT1 JAN"
="ELIMINADO"	=""	="1675495"	="ARRUELA PRES AISI304     M 6"	="12.000"	="CDA"	="5I3"	="80008109630"	="38428439"	="3"	="1/3/25"	=""	="CANC"	="ENCE CAPC ERRD NEXE"	="G-CSN-10-175-413-016"	="0.07"	="0.000"	=""	="X"	=""	="[TROCAR] COMPS V1 CJ BOW AC LT1 JAN"
="ELIMINADO"	=""	="8001294"	="BUCHA BARDELLA CSNVAI2608 2311"	="4.000"	="CDA"	="5I3"	="80008109630"	="38428439"	="4"	="1/3/25"	=""	="CANC"	="ENCE CAPC ERRD NEXE"	="G-CSN-10-175-413-016"	="34.12"	="0.000"	=""	="X"	=""	="[TROCAR] COMPS V1 CJ BOW AC LT1 JAN"
="ELIMINADO"	=""	="8002974"	="CHAVETA AS ST50 2K    32,0X18,0X300MM"	="6.000"	="CDA"	="5I3"	="80008109630"	="38428439"	="5"	="1/3/25"	=""	="CANC"	="ENCE CAPC ERRD NEXE"	="G-CSN-10-175-413-016"	="524.96"	="0.000"	=""	="X"	=""	="[TROCAR] COMPS V1 CJ BOW AC LT1 JAN"
="ELIMINADO"	=""	="8001282"	="ESPACADOR BARDELLA CSNVAI2656 2508"	="8.000"	="CDA"	="5I3"	="80008109630"	="38428439"	="6"	="1/3/25"	=""	="CANC"	="ENCE CAPC ERRD NEXE"	="G-CSN-10-175-413-016"	="570.98"	="0.000"	=""	="X"	=""	="[TROCAR] COMPS V1 CJ BOW AC LT1 JAN"
="ELIMINADO"	=""	="1779154"	="PARAFUSO CIL CL8.8    M 8X     16MM"	="80.000"	="CDA"	="5I3"	="80008109630"	="38428439"	="7"	="1/3/25"	=""	="CANC"	="ENCE CAPC ERRD NEXE"	="G-CSN-10-175-413-016"	="1.43"	="0.000"	=""	="X"	=""	="[TROCAR] COMPS V1 CJ BOW AC LT1 JAN"
="ELIMINADO"	=""	="1631056"	="PARAFUSO SEXT AISI316    M10X     25MM"	="48.000"	="CDA"	="5I3"	="80008109630"	="38428439"	="8"	="1/3/25"	=""	="CANC"	="ENCE CAPC ERRD NEXE"	="G-CSN-10-175-413-016"	="3.33"	="0.000"	=""	="X"	=""	="[TROCAR] COMPS V1 CJ BOW AC LT1 JAN"
="ELIMINADO"	=""	="8002406"	="PARAFUSO SEXT CL8.8    M18X     70MM"	="4.000"	="CDA"	="5I3"	="80008109630"	="38428439"	="9"	="1/3/25"	=""	="CANC"	="ENCE CAPC ERRD NEXE"	="G-CSN-10-175-413-016"	="4.29"	="0.000"	=""	="X"	=""	="[TROCAR] COMPS V1 CJ BOW AC LT1 JAN"
="ELIMINADO"	=""	="1205341"	="PORCA SEXT CL5 MG     M18"	="4.000"	="CDA"	="5I3"	="80008109630"	="38428439"	="10"	="1/3/25"	=""	="CANC"	="ENCE CAPC ERRD NEXE"	="G-CSN-10-175-413-016"	="0.96"	="0.000"	=""	="X"	=""	="[TROCAR] COMPS V1 CJ BOW AC LT1 JAN"
="ELIMINADO"	=""	="1678314"	="RETENTOR NBR  160,00X  130,00X 14,00MM"	="16.000"	="CDA"	="5I3"	="80008109630"	="38428439"	="11"	="1/3/25"	=""	="CANC"	="ENCE CAPC ERRD NEXE"	="G-CSN-10-175-413-016"	="38.21"	="0.000"	=""	="X"	=""	="[TROCAR] COMPS V1 CJ BOW AC LT1 JAN"
="ELIMINADO"	=""	="1779094"	="ROLAMENTO AUT ROLO  110,00X  180,00MM"	="4.000"	="CDA"	="5I3"	="80008109630"	="38428439"	="12"	="1/3/25"	=""	="CANC"	="ENCE CAPC ERRD NEXE"	="G-CSN-10-175-413-016"	="2,119.91"	="0.000"	=""	="X"	=""	="[TROCAR] COMPS V1 CJ BOW AC LT1 JAN"
="ELIMINADO"	=""	="8001762"	="ANEL O VITON   50,39X  3,53MM"	="2.000"	="CDA"	="5I3"	="80008109632"	="38428442"	="1"	="2/3/25"	=""	="CANC"	="ENCE CAPC ERRD NEXE"	="G-CSN-10-175-413-017"	="5.70"	="0.000"	=""	="X"	=""	="[TROCAR] COMPS V1 CJ BOW AC LT1 FEV"
="ELIMINADO"	=""	="8001761"	="ANEL O VITON   64,77X  2,62MM"	="2.000"	="CDA"	="5I3"	="80008109632"	="38428442"	="2"	="2/3/25"	=""	="CANC"	="ENCE CAPC ERRD NEXE"	="G-CSN-10-175-413-017"	="4.32"	="0.000"	=""	="X"	=""	="[TROCAR] COMPS V1 CJ BOW AC LT1 FEV"
="ELIMINADO"	=""	="1675495"	="ARRUELA PRES AISI304     M 6"	="12.000"	="CDA"	="5I3"	="80008109632"	="38428442"	="3"	="2/3/25"	=""	="CANC"	="ENCE CAPC ERRD NEXE"	="G-CSN-10-175-413-017"	="0.07"	="0.000"	=""	="X"	=""	="[TROCAR] COMPS V1 CJ BOW AC LT1 FEV"
="ELIMINADO"	=""	="8001294"	="BUCHA BARDELLA CSNVAI2608 2311"	="4.000"	="CDA"	="5I3"	="80008109632"	="38428442"	="4"	="2/3/25"	=""	="CANC"	="ENCE CAPC ERRD NEXE"	="G-CSN-10-175-413-017"	="34.12"	="0.000"	=""	="X"	=""	="[TROCAR] COMPS V1 CJ BOW AC LT1 FEV"
="ELIMINADO"	=""	="8002974"	="CHAVETA AS ST50 2K    32,0X18,0X300MM"	="6.000"	="CDA"	="5I3"	="80008109632"	="38428442"	="5"	="2/3/25"	=""	="CANC"	="ENCE CAPC ERRD NEXE"	="G-CSN-10-175-413-017"	="524.96"	="0.000"	=""	="X"	=""	="[TROCAR] COMPS V1 CJ BOW AC LT1 FEV"
="ELIMINADO"	=""	="8001282"	="ESPACADOR BARDELLA CSNVAI2656 2508"	="8.000"	="CDA"	="5I3"	="80008109632"	="38428442"	="6"	="2/3/25"	=""	="CANC"	="ENCE CAPC ERRD NEXE"	="G-CSN-10-175-413-017"	="570.98"	="0.000"	=""	="X"	=""	="[TROCAR] COMPS V1 CJ BOW AC LT1 FEV"
="ELIMINADO"	=""	="1779154"	="PARAFUSO CIL CL8.8    M 8X     16MM"	="80.000"	="CDA"	="5I3"	="80008109632"	="38428442"	="7"	="2/3/25"	=""	="CANC"	="ENCE CAPC ERRD NEXE"	="G-CSN-10-175-413-017"	="1.43"	="0.000"	=""	="X"	=""	="[TROCAR] COMPS V1 CJ BOW AC LT1 FEV"
="ELIMINADO"	=""	="1631056"	="PARAFUSO SEXT AISI316    M10X     25MM"	="48.000"	="CDA"	="5I3"	="80008109632"	="38428442"	="8"	="2/3/25"	=""	="CANC"	="ENCE CAPC ERRD NEXE"	="G-CSN-10-175-413-017"	="3.33"	="0.000"	=""	="X"	=""	="[TROCAR] COMPS V1 CJ BOW AC LT1 FEV"
="ELIMINADO"	=""	="8002406"	="PARAFUSO SEXT CL8.8    M18X     70MM"	="4.000"	="CDA"	="5I3"	="80008109632"	="38428442"	="9"	="2/3/25"	=""	="CANC"	="ENCE CAPC ERRD NEXE"	="G-CSN-10-175-413-017"	="4.29"	="0.000"	=""	="X"	=""	="[TROCAR] COMPS V1 CJ BOW AC LT1 FEV"
="ELIMINADO"	=""	="1205341"	="PORCA SEXT CL5 MG     M18"	="4.000"	="CDA"	="5I3"	="80008109632"	="38428442"	="10"	="2/3/25"	=""	="CANC"	="ENCE CAPC ERRD NEXE"	="G-CSN-10-175-413-017"	="0.96"	="0.000"	=""	="X"	=""	="[TROCAR] COMPS V1 CJ BOW AC LT1 FEV"
="ELIMINADO"	=""	="1678314"	="RETENTOR NBR  160,00X  130,00X 14,00MM"	="16.000"	="CDA"	="5I3"	="80008109632"	="38428442"	="11"	="2/3/25"	=""	="CANC"	="ENCE CAPC ERRD NEXE"	="G-CSN-10-175-413-017"	="38.21"	="0.000"	=""	="X"	=""	="[TROCAR] COMPS V1 CJ BOW AC LT1 FEV"
="ELIMINADO"	=""	="1779094"	="ROLAMENTO AUT ROLO  110,00X  180,00MM"	="4.000"	="CDA"	="5I3"	="80008109632"	="38428442"	="12"	="2/3/25"	=""	="CANC"	="ENCE CAPC ERRD NEXE"	="G-CSN-10-175-413-017"	="2,119.91"	="0.000"	=""	="X"	=""	="[TROCAR] COMPS V1 CJ BOW AC LT1 FEV"
="ELIMINADO"	=""	="8001762"	="ANEL O VITON   50,39X  3,53MM"	="2.000"	="CDA"	="5I3"	="80008109636"	="38428446"	="1"	="3/3/25"	=""	="CANC"	="ENCE CAPC ERRD NEXE"	="G-CSN-10-175-413-018"	="5.70"	="0.000"	=""	="X"	=""	="[TROCAR] COMPS V1 CJ BOW AC LT1 MAR"
="ELIMINADO"	=""	="8001761"	="ANEL O VITON   64,77X  2,62MM"	="2.000"	="CDA"	="5I3"	="80008109636"	="38428446"	="2"	="3/3/25"	=""	="CANC"	="ENCE CAPC ERRD NEXE"	="G-CSN-10-175-413-018"	="4.32"	="0.000"	=""	="X"	=""	="[TROCAR] COMPS V1 CJ BOW AC LT1 MAR"
="ELIMINADO"	=""	="1675495"	="ARRUELA PRES AISI304     M 6"	="12.000"	="CDA"	="5I3"	="80008109636"	="38428446"	="3"	="3/3/25"	=""	="CANC"	="ENCE CAPC ERRD NEXE"	="G-CSN-10-175-413-018"	="0.07"	="0.000"	=""	="X"	=""	="[TROCAR] COMPS V1 CJ BOW AC LT1 MAR"
="ELIMINADO"	=""	="8001294"	="BUCHA BARDELLA CSNVAI2608 2311"	="4.000"	="CDA"	="5I3"	="80008109636"	="38428446"	="4"	="3/3/25"	=""	="CANC"	="ENCE CAPC ERRD NEXE"	="G-CSN-10-175-413-018"	="34.12"	="0.000"	=""	="X"	=""	="[TROCAR] COMPS V1 CJ BOW AC LT1 MAR"
="ELIMINADO"	=""	="8002974"	="CHAVETA AS ST50 2K    32,0X18,0X300MM"	="6.000"	="CDA"	="5I3"	="80008109636"	="38428446"	="5"	="3/3/25"	=""	="CANC"	="ENCE CAPC ERRD NEXE"	="G-CSN-10-175-413-018"	="524.96"	="0.000"	=""	="X"	=""	="[TROCAR] COMPS V1 CJ BOW AC LT1 MAR"
="ELIMINADO"	=""	="8001282"	="ESPACADOR BARDELLA CSNVAI2656 2508"	="8.000"	="CDA"	="5I3"	="80008109636"	="38428446"	="6"	="3/3/25"	=""	="CANC"	="ENCE CAPC ERRD NEXE"	="G-CSN-10-175-413-018"	="570.98"	="0.000"	=""	="X"	=""	="[TROCAR] COMPS V1 CJ BOW AC LT1 MAR"
="ELIMINADO"	=""	="1779154"	="PARAFUSO CIL CL8.8    M 8X     16MM"	="80.000"	="CDA"	="5I3"	="80008109636"	="38428446"	="7"	="3/3/25"	=""	="CANC"	="ENCE CAPC ERRD NEXE"	="G-CSN-10-175-413-018"	="1.43"	="0.000"	=""	="X"	=""	="[TROCAR] COMPS V1 CJ BOW AC LT1 MAR"
="ELIMINADO"	=""	="1631056"	="PARAFUSO SEXT AISI316    M10X     25MM"	="48.000"	="CDA"	="5I3"	="80008109636"	="38428446"	="8"	="3/3/25"	=""	="CANC"	="ENCE CAPC ERRD NEXE"	="G-CSN-10-175-413-018"	="3.33"	="0.000"	=""	="X"	=""	="[TROCAR] COMPS V1 CJ BOW AC LT1 MAR"
="ELIMINADO"	=""	="8002406"	="PARAFUSO SEXT CL8.8    M18X     70MM"	="4.000"	="CDA"	="5I3"	="80008109636"	="38428446"	="9"	="3/3/25"	=""	="CANC"	="ENCE CAPC ERRD NEXE"	="G-CSN-10-175-413-018"	="4.29"	="0.000"	=""	="X"	=""	="[TROCAR] COMPS V1 CJ BOW AC LT1 MAR"
="ELIMINADO"	=""	="1205341"	="PORCA SEXT CL5 MG     M18"	="4.000"	="CDA"	="5I3"	="80008109636"	="38428446"	="10"	="3/3/25"	=""	="CANC"	="ENCE CAPC ERRD NEXE"	="G-CSN-10-175-413-018"	="0.96"	="0.000"	=""	="X"	=""	="[TROCAR] COMPS V1 CJ BOW AC LT1 MAR"
="ELIMINADO"	=""	="1678314"	="RETENTOR NBR  160,00X  130,00X 14,00MM"	="16.000"	="CDA"	="5I3"	="80008109636"	="38428446"	="11"	="3/3/25"	=""	="CANC"	="ENCE CAPC ERRD NEXE"	="G-CSN-10-175-413-018"	="38.21"	="0.000"	=""	="X"	=""	="[TROCAR] COMPS V1 CJ BOW AC LT1 MAR"
="ELIMINADO"	=""	="1779094"	="ROLAMENTO AUT ROLO  110,00X  180,00MM"	="4.000"	="CDA"	="5I3"	="80008109636"	="38428446"	="12"	="3/3/25"	=""	="CANC"	="ENCE CAPC ERRD NEXE"	="G-CSN-10-175-413-018"	="2,119.91"	="0.000"	=""	="X"	=""	="[TROCAR] COMPS V1 CJ BOW AC LT1 MAR"
="ELIMINADO"	=""	="8001762"	="ANEL O VITON   50,39X  3,53MM"	="2.000"	="CDA"	="5I3"	="80008109639"	="38428448"	="1"	="4/3/25"	=""	="CANC"	="ENCE CAPC ERRD NEXE"	="G-CSN-10-175-413-019"	="5.70"	="0.000"	=""	="X"	=""	="[TROCAR] COMPS V1 CJ BOW AC LT1 ABR"
="ELIMINADO"	=""	="8001761"	="ANEL O VITON   64,77X  2,62MM"	="2.000"	="CDA"	="5I3"	="80008109639"	="38428448"	="2"	="4/3/25"	=""	="CANC"	="ENCE CAPC ERRD NEXE"	="G-CSN-10-175-413-019"	="4.32"	="0.000"	=""	="X"	=""	="[TROCAR] COMPS V1 CJ BOW AC LT1 ABR"
="ELIMINADO"	=""	="1675495"	="ARRUELA PRES AISI304     M 6"	="12.000"	="CDA"	="5I3"	="80008109639"	="38428448"	="3"	="4/3/25"	=""	="CANC"	="ENCE CAPC ERRD NEXE"	="G-CSN-10-175-413-019"	="0.07"	="0.000"	=""	="X"	=""	="[TROCAR] COMPS V1 CJ BOW AC LT1 ABR"
="ELIMINADO"	=""	="8001294"	="BUCHA BARDELLA CSNVAI2608 2311"	="4.000"	="CDA"	="5I3"	="80008109639"	="38428448"	="4"	="4/3/25"	=""	="CANC"	="ENCE CAPC ERRD NEXE"	="G-CSN-10-175-413-019"	="34.12"	="0.000"	=""	="X"	=""	="[TROCAR] COMPS V1 CJ BOW AC LT1 ABR"
="ELIMINADO"	=""	="8002974"	="CHAVETA AS ST50 2K    32,0X18,0X300MM"	="6.000"	="CDA"	="5I3"	="80008109639"	="38428448"	="5"	="4/3/25"	=""	="CANC"	="ENCE CAPC ERRD NEXE"	="G-CSN-10-175-413-019"	="524.96"	="0.000"	=""	="X"	=""	="[TROCAR] COMPS V1 CJ BOW AC LT1 ABR"
="ELIMINADO"	=""	="8001282"	="ESPACADOR BARDELLA CSNVAI2656 2508"	="8.000"	="CDA"	="5I3"	="80008109639"	="38428448"	="6"	="4/3/25"	=""	="CANC"	="ENCE CAPC ERRD NEXE"	="G-CSN-10-175-413-019"	="570.98"	="0.000"	=""	="X"	=""	="[TROCAR] COMPS V1 CJ BOW AC LT1 ABR"
="ELIMINADO"	=""	="1779154"	="PARAFUSO CIL CL8.8    M 8X     16MM"	="80.000"	="CDA"	="5I3"	="80008109639"	="38428448"	="7"	="4/3/25"	=""	="CANC"	="ENCE CAPC ERRD NEXE"	="G-CSN-10-175-413-019"	="1.43"	="0.000"	=""	="X"	=""	="[TROCAR] COMPS V1 CJ BOW AC LT1 ABR"
="ELIMINADO"	=""	="1631056"	="PARAFUSO SEXT AISI316    M10X     25MM"	="48.000"	="CDA"	="5I3"	="80008109639"	="38428448"	="8"	="4/3/25"	=""	="CANC"	="ENCE CAPC ERRD NEXE"	="G-CSN-10-175-413-019"	="3.33"	="0.000"	=""	="X"	=""	="[TROCAR] COMPS V1 CJ BOW AC LT1 ABR"
="ELIMINADO"	=""	="8002406"	="PARAFUSO SEXT CL8.8    M18X     70MM"	="4.000"	="CDA"	="5I3"	="80008109639"	="38428448"	="9"	="4/3/25"	=""	="CANC"	="ENCE CAPC ERRD NEXE"	="G-CSN-10-175-413-019"	="4.29"	="0.000"	=""	="X"	=""	="[TROCAR] COMPS V1 CJ BOW AC LT1 ABR"
="ELIMINADO"	=""	="1205341"	="PORCA SEXT CL5 MG     M18"	="4.000"	="CDA"	="5I3"	="80008109639"	="38428448"	="10"	="4/3/25"	=""	="CANC"	="ENCE CAPC ERRD NEXE"	="G-CSN-10-175-413-019"	="0.96"	="0.000"	=""	="X"	=""	="[TROCAR] COMPS V1 CJ BOW AC LT1 ABR"
="ELIMINADO"	=""	="1678314"	="RETENTOR NBR  160,00X  130,00X 14,00MM"	="16.000"	="CDA"	="5I3"	="80008109639"	="38428448"	="11"	="4/3/25"	=""	="CANC"	="ENCE CAPC ERRD NEXE"	="G-CSN-10-175-413-019"	="38.21"	="0.000"	=""	="X"	=""	="[TROCAR] COMPS V1 CJ BOW AC LT1 ABR"
="ELIMINADO"	=""	="1779094"	="ROLAMENTO AUT ROLO  110,00X  180,00MM"	="4.000"	="CDA"	="5I3"	="80008109639"	="38428448"	="12"	="4/3/25"	=""	="CANC"	="ENCE CAPC ERRD NEXE"	="G-CSN-10-175-413-019"	="2,119.91"	="0.000"	=""	="X"	=""	="[TROCAR] COMPS V1 CJ BOW AC LT1 ABR"
="ELIMINADO"	=""	="8001762"	="ANEL O VITON   50,39X  3,53MM"	="2.000"	="CDA"	="5I3"	="80008109754"	="38428451"	="1"	="5/3/25"	=""	="CANC"	="ENCE CAPC ERRD NEXE"	="G-CSN-10-176-400-403"	="5.70"	="0.000"	=""	="X"	=""	="[TROCAR] COMPS V1 CJ BOW AC LT1 MAI"
="ELIMINADO"	=""	="8001761"	="ANEL O VITON   64,77X  2,62MM"	="2.000"	="CDA"	="5I3"	="80008109754"	="38428451"	="2"	="5/3/25"	=""	="CANC"	="ENCE CAPC ERRD NEXE"	="G-CSN-10-176-400-403"	="4.32"	="0.000"	=""	="X"	=""	="[TROCAR] COMPS V1 CJ BOW AC LT1 MAI"
="ELIMINADO"	=""	="1675495"	="ARRUELA PRES AISI304     M 6"	="12.000"	="CDA"	="5I3"	="80008109754"	="38428451"	="3"	="5/3/25"	=""	="CANC"	="ENCE CAPC ERRD NEXE"	="G-CSN-10-176-400-403"	="0.07"	="0.000"	=""	="X"	=""	="[TROCAR] COMPS V1 CJ BOW AC LT1 MAI"
="ELIMINADO"	=""	="8001294"	="BUCHA BARDELLA CSNVAI2608 2311"	="4.000"	="CDA"	="5I3"	="80008109754"	="38428451"	="4"	="5/3/25"	=""	="CANC"	="ENCE CAPC ERRD NEXE"	="G-CSN-10-176-400-403"	="34.12"	="0.000"	=""	="X"	=""	="[TROCAR] COMPS V1 CJ BOW AC LT1 MAI"
="ELIMINADO"	=""	="8002974"	="CHAVETA AS ST50 2K    32,0X18,0X300MM"	="6.000"	="CDA"	="5I3"	="80008109754"	="38428451"	="5"	="5/3/25"	=""	="CANC"	="ENCE CAPC ERRD NEXE"	="G-CSN-10-176-400-403"	="524.96"	="0.000"	=""	="X"	=""	="[TROCAR] COMPS V1 CJ BOW AC LT1 MAI"
="ELIMINADO"	=""	="8001282"	="ESPACADOR BARDELLA CSNVAI2656 2508"	="8.000"	="CDA"	="5I3"	="80008109754"	="38428451"	="6"	="5/3/25"	=""	="CANC"	="ENCE CAPC ERRD NEXE"	="G-CSN-10-176-400-403"	="570.98"	="0.000"	=""	="X"	=""	="[TROCAR] COMPS V1 CJ BOW AC LT1 MAI"
="ELIMINADO"	=""	="1779154"	="PARAFUSO CIL CL8.8    M 8X     16MM"	="80.000"	="CDA"	="5I3"	="80008109754"	="38428451"	="7"	="5/3/25"	=""	="CANC"	="ENCE CAPC ERRD NEXE"	="G-CSN-10-176-400-403"	="1.43"	="0.000"	=""	="X"	=""	="[TROCAR] COMPS V1 CJ BOW AC LT1 MAI"
="ELIMINADO"	=""	="1631056"	="PARAFUSO SEXT AISI316    M10X     25MM"	="48.000"	="CDA"	="5I3"	="80008109754"	="38428451"	="8"	="5/3/25"	=""	="CANC"	="ENCE CAPC ERRD NEXE"	="G-CSN-10-176-400-403"	="3.33"	="0.000"	=""	="X"	=""	="[TROCAR] COMPS V1 CJ BOW AC LT1 MAI"
="ELIMINADO"	=""	="8002406"	="PARAFUSO SEXT CL8.8    M18X     70MM"	="4.000"	="CDA"	="5I3"	="80008109754"	="38428451"	="9"	="5/3/25"	=""	="CANC"	="ENCE CAPC ERRD NEXE"	="G-CSN-10-176-400-403"	="4.29"	="0.000"	=""	="X"	=""	="[TROCAR] COMPS V1 CJ BOW AC LT1 MAI"
="ELIMINADO"	=""	="1205341"	="PORCA SEXT CL5 MG     M18"	="4.000"	="CDA"	="5I3"	="80008109754"	="38428451"	="10"	="5/3/25"	=""	="CANC"	="ENCE CAPC ERRD NEXE"	="G-CSN-10-176-400-403"	="0.96"	="0.000"	=""	="X"	=""	="[TROCAR] COMPS V1 CJ BOW AC LT1 MAI"
="ELIMINADO"	=""	="1678314"	="RETENTOR NBR  160,00X  130,00X 14,00MM"	="16.000"	="CDA"	="5I3"	="80008109754"	="38428451"	="11"	="5/3/25"	=""	="CANC"	="ENCE CAPC ERRD NEXE"	="G-CSN-10-176-400-403"	="38.21"	="0.000"	=""	="X"	=""	="[TROCAR] COMPS V1 CJ BOW AC LT1 MAI"
="ELIMINADO"	=""	="1779094"	="ROLAMENTO AUT ROLO  110,00X  180,00MM"	="4.000"	="CDA"	="5I3"	="80008109754"	="38428451"	="12"	="5/3/25"	=""	="CANC"	="ENCE CAPC ERRD NEXE"	="G-CSN-10-176-400-403"	="2,119.91"	="0.000"	=""	="X"	=""	="[TROCAR] COMPS V1 CJ BOW AC LT1 MAI"
="ELIMINADO"	=""	="8001762"	="ANEL O VITON   50,39X  3,53MM"	="2.000"	="CDA"	="5I3"	="80008109757"	="38428609"	="1"	="6/3/25"	=""	="CANC"	="ENCE CAPC ERRD NEXE"	="G-CSN-10-175-423-015"	="5.70"	="0.000"	=""	="X"	=""	="[TROCAR] COMPS V1 CJ BOW AC LT1 JUN"
="ELIMINADO"	=""	="8001761"	="ANEL O VITON   64,77X  2,62MM"	="2.000"	="CDA"	="5I3"	="80008109757"	="38428609"	="2"	="6/3/25"	=""	="CANC"	="ENCE CAPC ERRD NEXE"	="G-CSN-10-175-423-015"	="4.32"	="0.000"	=""	="X"	=""	="[TROCAR] COMPS V1 CJ BOW AC LT1 JUN"
="ELIMINADO"	=""	="1675495"	="ARRUELA PRES AISI304     M 6"	="12.000"	="CDA"	="5I3"	="80008109757"	="38428609"	="3"	="6/3/25"	=""	="CANC"	="ENCE CAPC ERRD NEXE"	="G-CSN-10-175-423-015"	="0.07"	="0.000"	=""	="X"	=""	="[TROCAR] COMPS V1 CJ BOW AC LT1 JUN"
="ELIMINADO"	=""	="8001294"	="BUCHA BARDELLA CSNVAI2608 2311"	="4.000"	="CDA"	="5I3"	="80008109757"	="38428609"	="4"	="6/3/25"	=""	="CANC"	="ENCE CAPC ERRD NEXE"	="G-CSN-10-175-423-015"	="34.12"	="0.000"	=""	="X"	=""	="[TROCAR] COMPS V1 CJ BOW AC LT1 JUN"
="ELIMINADO"	=""	="8002974"	="CHAVETA AS ST50 2K    32,0X18,0X300MM"	="6.000"	="CDA"	="5I3"	="80008109757"	="38428609"	="5"	="6/3/25"	=""	="CANC"	="ENCE CAPC ERRD NEXE"	="G-CSN-10-175-423-015"	="524.96"	="0.000"	=""	="X"	=""	="[TROCAR] COMPS V1 CJ BOW AC LT1 JUN"
="ELIMINADO"	=""	="8001282"	="ESPACADOR BARDELLA CSNVAI2656 2508"	="8.000"	="CDA"	="5I3"	="80008109757"	="38428609"	="6"	="6/3/25"	=""	="CANC"	="ENCE CAPC ERRD NEXE"	="G-CSN-10-175-423-015"	="570.98"	="0.000"	=""	="X"	=""	="[TROCAR] COMPS V1 CJ BOW AC LT1 JUN"
="ELIMINADO"	=""	="1779154"	="PARAFUSO CIL CL8.8    M 8X     16MM"	="80.000"	="CDA"	="5I3"	="80008109757"	="38428609"	="7"	="6/3/25"	=""	="CANC"	="ENCE CAPC ERRD NEXE"	="G-CSN-10-175-423-015"	="1.43"	="0.000"	=""	="X"	=""	="[TROCAR] COMPS V1 CJ BOW AC LT1 JUN"
="ELIMINADO"	=""	="1631056"	="PARAFUSO SEXT AISI316    M10X     25MM"	="48.000"	="CDA"	="5I3"	="80008109757"	="38428609"	="8"	="6/3/25"	=""	="CANC"	="ENCE CAPC ERRD NEXE"	="G-CSN-10-175-423-015"	="3.33"	="0.000"	=""	="X"	=""	="[TROCAR] COMPS V1 CJ BOW AC LT1 JUN"
="ELIMINADO"	=""	="8002406"	="PARAFUSO SEXT CL8.8    M18X     70MM"	="4.000"	="CDA"	="5I3"	="80008109757"	="38428609"	="9"	="6/3/25"	=""	="CANC"	="ENCE CAPC ERRD NEXE"	="G-CSN-10-175-423-015"	="4.29"	="0.000"	=""	="X"	=""	="[TROCAR] COMPS V1 CJ BOW AC LT1 JUN"
="ELIMINADO"	=""	="1205341"	="PORCA SEXT CL5 MG     M18"	="4.000"	="CDA"	="5I3"	="80008109757"	="38428609"	="10"	="6/3/25"	=""	="CANC"	="ENCE CAPC ERRD NEXE"	="G-CSN-10-175-423-015"	="0.96"	="0.000"	=""	="X"	=""	="[TROCAR] COMPS V1 CJ BOW AC LT1 JUN"
="ELIMINADO"	=""	="1678314"	="RETENTOR NBR  160,00X  130,00X 14,00MM"	="16.000"	="CDA"	="5I3"	="80008109757"	="38428609"	="11"	="6/3/25"	=""	="CANC"	="ENCE CAPC ERRD NEXE"	="G-CSN-10-175-423-015"	="38.21"	="0.000"	=""	="X"	=""	="[TROCAR] COMPS V1 CJ BOW AC LT1 JUN"
="ELIMINADO"	=""	="1779094"	="ROLAMENTO AUT ROLO  110,00X  180,00MM"	="4.000"	="CDA"	="5I3"	="80008109757"	="38428609"	="12"	="6/3/25"	=""	="CANC"	="ENCE CAPC ERRD NEXE"	="G-CSN-10-175-423-015"	="2,119.91"	="0.000"	=""	="X"	=""	="[TROCAR] COMPS V1 CJ BOW AC LT1 JUN"
="ELIMINADO"	=""	="8001189"	="ANEL BARDELLA CSNVAI2613"	="32.000"	="CDA"	="5I3"	="80008110379"	="38429952"	="1"	="1/3/25"	=""	="CANC"	="ENCE CAPC ERRD NEXE"	="G-CSN-10-175-423-016"	="150.55"	="0.000"	=""	="X"	=""	="[TROCAR] COMPS V1 CJ BOW AC LT2 JAN"
="ELIMINADO"	=""	="8001281"	="ESPACADOR BARDELLA CSNVAI2657 2509"	="4.000"	="CDA"	="5I3"	="80008110379"	="38429952"	="2"	="1/3/25"	=""	="CANC"	="ENCE CAPC ERRD NEXE"	="G-CSN-10-175-423-016"	="1,086.24"	="0.000"	=""	="X"	=""	="[TROCAR] COMPS V1 CJ BOW AC LT2 JAN"
="ELIMINADO"	=""	="8001284"	="MANCAL BARDELLA CSNVAI2666 2541, 2542"	="4.000"	="CDA"	="5I3"	="80008110379"	="38429952"	="3"	="1/3/25"	=""	="CANC"	="ENCE CAPC ERRD NEXE"	="G-CSN-10-175-423-016"	="2,086.47"	="0.000"	=""	="X"	=""	="[TROCAR] COMPS V1 CJ BOW AC LT2 JAN"
="ELIMINADO"	=""	="1779095"	="ROLAMENTO AUT ROLO  130,00X  200,00MM"	="4.000"	="CDA"	="5I3"	="80008110379"	="38429952"	="4"	="1/3/25"	=""	="CANC"	="ENCE CAPC ERRD NEXE"	="G-CSN-10-175-423-016"	="1,787.45"	="0.000"	=""	="X"	=""	="[TROCAR] COMPS V1 CJ BOW AC LT2 JAN"
="ELIMINADO"	=""	="8001216"	="TAMPA BARDELLA CSNVAI2654 2505"	="8.000"	="CDA"	="5I3"	="80008110379"	="38429952"	="5"	="1/3/25"	=""	="CANC"	="ENCE CAPC ERRD NEXE"	="G-CSN-10-175-423-016"	="582.73"	="0.000"	=""	="X"	=""	="[TROCAR] COMPS V1 CJ BOW AC LT2 JAN"
="ELIMINADO"	=""	="8001189"	="ANEL BARDELLA CSNVAI2613"	="32.000"	="CDA"	="5I3"	="80008110384"	="38430021"	="1"	="2/3/25"	=""	="CANC"	="ENCE CAPC ERRD NEXE"	="G-CSN-10-175-423-017"	="150.55"	="0.000"	=""	="X"	=""	="[TROCAR] COMPS V1 CJ BOW AC LT2 FEV"
="ELIMINADO"	=""	="8001281"	="ESPACADOR BARDELLA CSNVAI2657 2509"	="4.000"	="CDA"	="5I3"	="80008110384"	="38430021"	="2"	="2/3/25"	=""	="CANC"	="ENCE CAPC ERRD NEXE"	="G-CSN-10-175-423-017"	="1,086.24"	="0.000"	=""	="X"	=""	="[TROCAR] COMPS V1 CJ BOW AC LT2 FEV"
="ELIMINADO"	=""	="8001284"	="MANCAL BARDELLA CSNVAI2666 2541, 2542"	="4.000"	="CDA"	="5I3"	="80008110384"	="38430021"	="3"	="2/3/25"	=""	="CANC"	="ENCE CAPC ERRD NEXE"	="G-CSN-10-175-423-017"	="2,086.47"	="0.000"	=""	="X"	=""	="[TROCAR] COMPS V1 CJ BOW AC LT2 FEV"
="ELIMINADO"	=""	="1779095"	="ROLAMENTO AUT ROLO  130,00X  200,00MM"	="4.000"	="CDA"	="5I3"	="80008110384"	="38430021"	="4"	="2/3/25"	=""	="CANC"	="ENCE CAPC ERRD NEXE"	="G-CSN-10-175-423-017"	="1,787.45"	="0.000"	=""	="X"	=""	="[TROCAR] COMPS V1 CJ BOW AC LT2 FEV"
="ELIMINADO"	=""	="8001216"	="TAMPA BARDELLA CSNVAI2654 2505"	="8.000"	="CDA"	="5I3"	="80008110384"	="38430021"	="5"	="2/3/25"	=""	="CANC"	="ENCE CAPC ERRD NEXE"	="G-CSN-10-175-423-017"	="582.73"	="0.000"	=""	="X"	=""	="[TROCAR] COMPS V1 CJ BOW AC LT2 FEV"
="ELIMINADO"	=""	="8001189"	="ANEL BARDELLA CSNVAI2613"	="32.000"	="CDA"	="5I3"	="80008110427"	="38430026"	="1"	="3/3/25"	=""	="CANC"	="ENCE CAPC ERRD NEXE"	="G-CSN-10-175-423-018"	="150.55"	="0.000"	=""	="X"	=""	="[TROCAR] COMPS V1 CJ BOW AC LT2 MAR"
="ELIMINADO"	=""	="8001281"	="ESPACADOR BARDELLA CSNVAI2657 2509"	="4.000"	="CDA"	="5I3"	="80008110427"	="38430026"	="2"	="3/3/25"	=""	="CANC"	="ENCE CAPC ERRD NEXE"	="G-CSN-10-175-423-018"	="1,086.24"	="0.000"	=""	="X"	=""	="[TROCAR] COMPS V1 CJ BOW AC LT2 MAR"
="ELIMINADO"	=""	="8001284"	="MANCAL BARDELLA CSNVAI2666 2541, 2542"	="4.000"	="CDA"	="5I3"	="80008110427"	="38430026"	="3"	="3/3/25"	=""	="CANC"	="ENCE CAPC ERRD NEXE"	="G-CSN-10-175-423-018"	="2,086.47"	="0.000"	=""	="X"	=""	="[TROCAR] COMPS V1 CJ BOW AC LT2 MAR"
="ELIMINADO"	=""	="1779095"	="ROLAMENTO AUT ROLO  130,00X  200,00MM"	="4.000"	="CDA"	="5I3"	="80008110427"	="38430026"	="4"	="3/3/25"	=""	="CANC"	="ENCE CAPC ERRD NEXE"	="G-CSN-10-175-423-018"	="1,787.45"	="0.000"	=""	="X"	=""	="[TROCAR] COMPS V1 CJ BOW AC LT2 MAR"
="ELIMINADO"	=""	="8001216"	="TAMPA BARDELLA CSNVAI2654 2505"	="8.000"	="CDA"	="5I3"	="80008110427"	="38430026"	="5"	="3/3/25"	=""	="CANC"	="ENCE CAPC ERRD NEXE"	="G-CSN-10-175-423-018"	="582.73"	="0.000"	=""	="X"	=""	="[TROCAR] COMPS V1 CJ BOW AC LT2 MAR"
="ELIMINADO"	=""	="8001189"	="ANEL BARDELLA CSNVAI2613"	="32.000"	="CDA"	="5I3"	="80008110432"	="38430031"	="1"	="4/3/25"	=""	="CANC"	="ENCE CAPC ERRD NEXE"	="G-CSN-10-175-423-019"	="150.55"	="0.000"	=""	="X"	=""	="[TROCAR] COMPS V1 CJ BOW AC LT2 ABR"
="ELIMINADO"	=""	="8001281"	="ESPACADOR BARDELLA CSNVAI2657 2509"	="4.000"	="CDA"	="5I3"	="80008110432"	="38430031"	="2"	="4/3/25"	=""	="CANC"	="ENCE CAPC ERRD NEXE"	="G-CSN-10-175-423-019"	="1,086.24"	="0.000"	=""	="X"	=""	="[TROCAR] COMPS V1 CJ BOW AC LT2 ABR"
="ELIMINADO"	=""	="8001284"	="MANCAL BARDELLA CSNVAI2666 2541, 2542"	="4.000"	="CDA"	="5I3"	="80008110432"	="38430031"	="3"	="4/3/25"	=""	="CANC"	="ENCE CAPC ERRD NEXE"	="G-CSN-10-175-423-019"	="2,086.47"	="0.000"	=""	="X"	=""	="[TROCAR] COMPS V1 CJ BOW AC LT2 ABR"
="ELIMINADO"	=""	="1779095"	="ROLAMENTO AUT ROLO  130,00X  200,00MM"	="4.000"	="CDA"	="5I3"	="80008110432"	="38430031"	="4"	="4/3/25"	=""	="CANC"	="ENCE CAPC ERRD NEXE"	="G-CSN-10-175-423-019"	="1,787.45"	="0.000"	=""	="X"	=""	="[TROCAR] COMPS V1 CJ BOW AC LT2 ABR"
="ELIMINADO"	=""	="8001216"	="TAMPA BARDELLA CSNVAI2654 2505"	="8.000"	="CDA"	="5I3"	="80008110432"	="38430031"	="5"	="4/3/25"	=""	="CANC"	="ENCE CAPC ERRD NEXE"	="G-CSN-10-175-423-019"	="582.73"	="0.000"	=""	="X"	=""	="[TROCAR] COMPS V1 CJ BOW AC LT2 ABR"
="ELIMINADO"	=""	="8001189"	="ANEL BARDELLA CSNVAI2613"	="32.000"	="CDA"	="5I3"	="80008110434"	="38430100"	="1"	="5/3/25"	=""	="CANC"	="ENCE CAPC ERRD NEXE"	="G-CSN-10-176-400-413"	="150.55"	="0.000"	=""	="X"	=""	="[TROCAR] COMPS V1 CJ BOW AC LT2 MAI"
="ELIMINADO"	=""	="8001281"	="ESPACADOR BARDELLA CSNVAI2657 2509"	="4.000"	="CDA"	="5I3"	="80008110434"	="38430100"	="2"	="5/3/25"	=""	="CANC"	="ENCE CAPC ERRD NEXE"	="G-CSN-10-176-400-413"	="1,086.24"	="0.000"	=""	="X"	=""	="[TROCAR] COMPS V1 CJ BOW AC LT2 MAI"
="ELIMINADO"	=""	="8001284"	="MANCAL BARDELLA CSNVAI2666 2541, 2542"	="4.000"	="CDA"	="5I3"	="80008110434"	="38430100"	="3"	="5/3/25"	=""	="CANC"	="ENCE CAPC ERRD NEXE"	="G-CSN-10-176-400-413"	="2,086.47"	="0.000"	=""	="X"	=""	="[TROCAR] COMPS V1 CJ BOW AC LT2 MAI"
="ELIMINADO"	=""	="1779095"	="ROLAMENTO AUT ROLO  130,00X  200,00MM"	="4.000"	="CDA"	="5I3"	="80008110434"	="38430100"	="4"	="5/3/25"	=""	="CANC"	="ENCE CAPC ERRD NEXE"	="G-CSN-10-176-400-413"	="1,787.45"	="0.000"	=""	="X"	=""	="[TROCAR] COMPS V1 CJ BOW AC LT2 MAI"
="ELIMINADO"	=""	="8001216"	="TAMPA BARDELLA CSNVAI2654 2505"	="8.000"	="CDA"	="5I3"	="80008110434"	="38430100"	="5"	="5/3/25"	=""	="CANC"	="ENCE CAPC ERRD NEXE"	="G-CSN-10-176-400-413"	="582.73"	="0.000"	=""	="X"	=""	="[TROCAR] COMPS V1 CJ BOW AC LT2 MAI"
="ELIMINADO"	=""	="8001189"	="ANEL BARDELLA CSNVAI2613"	="32.000"	="CDA"	="5I3"	="80008110437"	="38430103"	="1"	="6/3/25"	=""	="CANC"	="ENCE CAPC ERRD NEXE"	="G-CSN-10-175-413-015"	="150.55"	="0.000"	=""	="X"	=""	="[TROCAR] COMPS V1 CJ BOW AC LT2 JUN"
="ELIMINADO"	=""	="8001281"	="ESPACADOR BARDELLA CSNVAI2657 2509"	="4.000"	="CDA"	="5I3"	="80008110437"	="38430103"	="2"	="6/3/25"	=""	="CANC"	="ENCE CAPC ERRD NEXE"	="G-CSN-10-175-413-015"	="1,086.24"	="0.000"	=""	="X"	=""	="[TROCAR] COMPS V1 CJ BOW AC LT2 JUN"
="ELIMINADO"	=""	="8001284"	="MANCAL BARDELLA CSNVAI2666 2541, 2542"	="4.000"	="CDA"	="5I3"	="80008110437"	="38430103"	="3"	="6/3/25"	=""	="CANC"	="ENCE CAPC ERRD NEXE"	="G-CSN-10-175-413-015"	="2,086.47"	="0.000"	=""	="X"	=""	="[TROCAR] COMPS V1 CJ BOW AC LT2 JUN"
="ELIMINADO"	=""	="1779095"	="ROLAMENTO AUT ROLO  130,00X  200,00MM"	="4.000"	="CDA"	="5I3"	="80008110437"	="38430103"	="4"	="6/3/25"	=""	="CANC"	="ENCE CAPC ERRD NEXE"	="G-CSN-10-175-413-015"	="1,787.45"	="0.000"	=""	="X"	=""	="[TROCAR] COMPS V1 CJ BOW AC LT2 JUN"
="ELIMINADO"	=""	="8001216"	="TAMPA BARDELLA CSNVAI2654 2505"	="8.000"	="CDA"	="5I3"	="80008110437"	="38430103"	="5"	="6/3/25"	=""	="CANC"	="ENCE CAPC ERRD NEXE"	="G-CSN-10-175-413-015"	="582.73"	="0.000"	=""	="X"	=""	="[TROCAR] COMPS V1 CJ BOW AC LT2 JUN"
="ELIMINADO"	=""	="8001285"	="ANEL BARDELLA CSNVAI2710 3013"	="12.000"	="CDA"	="5I3"	="80008113584"	="38436273"	="1"	="1/3/25"	=""	="CANC"	="ENCE CAPC ERRD NEXE"	="G-CSN-10-175-413-041"	="240.36"	="0.000"	=""	="X"	=""	="[TROCAR] COMPONENTES PD LV CJ H LT2 JAN"
="ELIMINADO"	=""	="1789692"	="ANEL BARDELLA CSNVAI2712"	="12.000"	="CDA"	="5I3"	="80008113584"	="38436273"	="2"	="1/3/25"	=""	="CANC"	="ENCE CAPC ERRD NEXE"	="G-CSN-10-175-413-041"	="1,357.53"	="0.000"	=""	="X"	=""	="[TROCAR] COMPONENTES PD LV CJ H LT2 JAN"
="ELIMINADO"	=""	="1789690"	="BUCHA BARDELLA CSNVAI2707 3008"	="36.000"	="CDA"	="5I3"	="80008113584"	="38436273"	="3"	="1/3/25"	=""	="CANC"	="ENCE CAPC ERRD NEXE"	="G-CSN-10-175-413-041"	="620.27"	="0.000"	=""	="X"	=""	="[TROCAR] COMPONENTES PD LV CJ H LT2 JAN"
="ELIMINADO"	=""	="1789694"	="ESPACADOR BARDELLA CSNVAI2711 3014"	="12.000"	="CDA"	="5I3"	="80008113584"	="38436273"	="4"	="1/3/25"	=""	="CANC"	="ENCE CAPC ERRD NEXE"	="G-CSN-10-175-413-041"	="45.15"	="0.000"	=""	="X"	=""	="[TROCAR] COMPONENTES PD LV CJ H LT2 JAN"
="ELIMINADO"	=""	="1639748"	="ROLAMENTO AUT ROLO  160,00X  240,00MM"	="24.000"	="CDA"	="5I3"	="80008113584"	="38436273"	="5"	="1/3/25"	=""	="CANC"	="ENCE CAPC ERRD NEXE"	="G-CSN-10-175-413-041"	="2,635.15"	="0.000"	=""	="X"	=""	="[TROCAR] COMPONENTES PD LV CJ H LT2 JAN"
="ELIMINADO"	=""	="9157590"	="UNIAO DEUBLIN 2425002204"	="24.000"	="CDA"	="5I3"	="80008113584"	="38436273"	="6"	="1/3/25"	=""	="CANC"	="ENCE CAPC ERRD NEXE"	="G-CSN-10-175-413-041"	="1,384.80"	="0.000"	=""	="X"	=""	="[TROCAR] COMPONENTES PD LV CJ H LT2 JAN"
="ELIMINADO"	=""	="8001285"	="ANEL BARDELLA CSNVAI2710 3013"	="12.000"	="CDA"	="5I3"	="80008113628"	="38436356"	="1"	="1/3/25"	=""	="CANC"	="ENCE CAPC ERRD NEXE"	="G-CSN-10-175-413-042"	="240.36"	="0.000"	=""	="X"	=""	="[TROCAR] COMPONENTES PD LV CJ H LT2 JAN"
="ELIMINADO"	=""	="1789692"	="ANEL BARDELLA CSNVAI2712"	="12.000"	="CDA"	="5I3"	="80008113628"	="38436356"	="2"	="1/3/25"	=""	="CANC"	="ENCE CAPC ERRD NEXE"	="G-CSN-10-175-413-042"	="1,357.53"	="0.000"	=""	="X"	=""	="[TROCAR] COMPONENTES PD LV CJ H LT2 JAN"
="ELIMINADO"	=""	="1789690"	="BUCHA BARDELLA CSNVAI2707 3008"	="36.000"	="CDA"	="5I3"	="80008113628"	="38436356"	="3"	="1/3/25"	=""	="CANC"	="ENCE CAPC ERRD NEXE"	="G-CSN-10-175-413-042"	="620.27"	="0.000"	=""	="X"	=""	="[TROCAR] COMPONENTES PD LV CJ H LT2 JAN"
="ELIMINADO"	=""	="1789694"	="ESPACADOR BARDELLA CSNVAI2711 3014"	="12.000"	="CDA"	="5I3"	="80008113628"	="38436356"	="4"	="1/3/25"	=""	="CANC"	="ENCE CAPC ERRD NEXE"	="G-CSN-10-175-413-042"	="45.15"	="0.000"	=""	="X"	=""	="[TROCAR] COMPONENTES PD LV CJ H LT2 JAN"
="ELIMINADO"	=""	="1639748"	="ROLAMENTO AUT ROLO  160,00X  240,00MM"	="24.000"	="CDA"	="5I3"	="80008113628"	="38436356"	="5"	="1/3/25"	=""	="CANC"	="ENCE CAPC ERRD NEXE"	="G-CSN-10-175-413-042"	="2,635.15"	="0.000"	=""	="X"	=""	="[TROCAR] COMPONENTES PD LV CJ H LT2 JAN"
="ELIMINADO"	=""	="9157590"	="UNIAO DEUBLIN 2425002204"	="24.000"	="CDA"	="5I3"	="80008113628"	="38436356"	="6"	="1/3/25"	=""	="CANC"	="ENCE CAPC ERRD NEXE"	="G-CSN-10-175-413-042"	="1,384.80"	="0.000"	=""	="X"	=""	="[TROCAR] COMPONENTES PD LV CJ H LT2 JAN"
="ELIMINADO"	=""	="8001285"	="ANEL BARDELLA CSNVAI2710 3013"	="12.000"	="CDA"	="5I3"	="80008113640"	="38436443"	="1"	="2/3/25"	=""	="CANC"	="ENCE CAPC ERRD NEXE"	="G-CSN-10-175-413-043"	="240.36"	="0.000"	=""	="X"	=""	="[TROCAR] COMPONENTES PD LV CJ H LT2 FEV"
="ELIMINADO"	=""	="1789692"	="ANEL BARDELLA CSNVAI2712"	="12.000"	="CDA"	="5I3"	="80008113640"	="38436443"	="2"	="2/3/25"	=""	="CANC"	="ENCE CAPC ERRD NEXE"	="G-CSN-10-175-413-043"	="1,357.53"	="0.000"	=""	="X"	=""	="[TROCAR] COMPONENTES PD LV CJ H LT2 FEV"
="ELIMINADO"	=""	="1789690"	="BUCHA BARDELLA CSNVAI2707 3008"	="36.000"	="CDA"	="5I3"	="80008113640"	="38436443"	="3"	="2/3/25"	=""	="CANC"	="ENCE CAPC ERRD NEXE"	="G-CSN-10-175-413-043"	="620.27"	="0.000"	=""	="X"	=""	="[TROCAR] COMPONENTES PD LV CJ H LT2 FEV"
="ELIMINADO"	=""	="1789694"	="ESPACADOR BARDELLA CSNVAI2711 3014"	="12.000"	="CDA"	="5I3"	="80008113640"	="38436443"	="4"	="2/3/25"	=""	="CANC"	="ENCE CAPC ERRD NEXE"	="G-CSN-10-175-413-043"	="45.15"	="0.000"	=""	="X"	=""	="[TROCAR] COMPONENTES PD LV CJ H LT2 FEV"
="ELIMINADO"	=""	="1639748"	="ROLAMENTO AUT ROLO  160,00X  240,00MM"	="24.000"	="CDA"	="5I3"	="80008113640"	="38436443"	="5"	="2/3/25"	=""	="CANC"	="ENCE CAPC ERRD NEXE"	="G-CSN-10-175-413-043"	="2,635.15"	="0.000"	=""	="X"	=""	="[TROCAR] COMPONENTES PD LV CJ H LT2 FEV"
="ELIMINADO"	=""	="9157590"	="UNIAO DEUBLIN 2425002204"	="24.000"	="CDA"	="5I3"	="80008113640"	="38436443"	="6"	="2/3/25"	=""	="CANC"	="ENCE CAPC ERRD NEXE"	="G-CSN-10-175-413-043"	="1,384.80"	="0.000"	=""	="X"	=""	="[TROCAR] COMPONENTES PD LV CJ H LT2 FEV"
="ELIMINADO"	=""	="8001285"	="ANEL BARDELLA CSNVAI2710 3013"	="12.000"	="CDA"	="5I3"	="80008113643"	="38436457"	="1"	="2/3/25"	=""	="CANC"	="ENCE CAPC ERRD NEXE"	="G-CSN-10-175-413-044"	="240.36"	="0.000"	=""	="X"	=""	="[TROCAR] COMPONENTES PD LV CJ H LT2 FEV"
="ELIMINADO"	=""	="1789692"	="ANEL BARDELLA CSNVAI2712"	="12.000"	="CDA"	="5I3"	="80008113643"	="38436457"	="2"	="2/3/25"	=""	="CANC"	="ENCE CAPC ERRD NEXE"	="G-CSN-10-175-413-044"	="1,357.53"	="0.000"	=""	="X"	=""	="[TROCAR] COMPONENTES PD LV CJ H LT2 FEV"
="ELIMINADO"	=""	="1789690"	="BUCHA BARDELLA CSNVAI2707 3008"	="36.000"	="CDA"	="5I3"	="80008113643"	="38436457"	="3"	="2/3/25"	=""	="CANC"	="ENCE CAPC ERRD NEXE"	="G-CSN-10-175-413-044"	="620.27"	="0.000"	=""	="X"	=""	="[TROCAR] COMPONENTES PD LV CJ H LT2 FEV"
="ELIMINADO"	=""	="1789694"	="ESPACADOR BARDELLA CSNVAI2711 3014"	="12.000"	="CDA"	="5I3"	="80008113643"	="38436457"	="4"	="2/3/25"	=""	="CANC"	="ENCE CAPC ERRD NEXE"	="G-CSN-10-175-413-044"	="45.15"	="0.000"	=""	="X"	=""	="[TROCAR] COMPONENTES PD LV CJ H LT2 FEV"
="ELIMINADO"	=""	="1639748"	="ROLAMENTO AUT ROLO  160,00X  240,00MM"	="24.000"	="CDA"	="5I3"	="80008113643"	="38436457"	="5"	="2/3/25"	=""	="CANC"	="ENCE CAPC ERRD NEXE"	="G-CSN-10-175-413-044"	="2,635.15"	="0.000"	=""	="X"	=""	="[TROCAR] COMPONENTES PD LV CJ H LT2 FEV"
="ELIMINADO"	=""	="9157590"	="UNIAO DEUBLIN 2425002204"	="24.000"	="CDA"	="5I3"	="80008113643"	="38436457"	="6"	="2/3/25"	=""	="CANC"	="ENCE CAPC ERRD NEXE"	="G-CSN-10-175-413-044"	="1,384.80"	="0.000"	=""	="X"	=""	="[TROCAR] COMPONENTES PD LV CJ H LT2 FEV"
="ELIMINADO"	=""	="8001285"	="ANEL BARDELLA CSNVAI2710 3013"	="12.000"	="CDA"	="5I3"	="80008113686"	="38436540"	="1"	="3/3/25"	=""	="CANC"	="ENCE CAPC ERRD NEXE"	="G-CSN-10-175-413-045"	="240.36"	="0.000"	=""	="X"	=""	="[TROCAR] COMPONENTES PD LV CJ H LT2 MAR"
="ELIMINADO"	=""	="1789692"	="ANEL BARDELLA CSNVAI2712"	="12.000"	="CDA"	="5I3"	="80008113686"	="38436540"	="2"	="3/3/25"	=""	="CANC"	="ENCE CAPC ERRD NEXE"	="G-CSN-10-175-413-045"	="1,357.53"	="0.000"	=""	="X"	=""	="[TROCAR] COMPONENTES PD LV CJ H LT2 MAR"
="ELIMINADO"	=""	="1789690"	="BUCHA BARDELLA CSNVAI2707 3008"	="36.000"	="CDA"	="5I3"	="80008113686"	="38436540"	="3"	="3/3/25"	=""	="CANC"	="ENCE CAPC ERRD NEXE"	="G-CSN-10-175-413-045"	="620.27"	="0.000"	=""	="X"	=""	="[TROCAR] COMPONENTES PD LV CJ H LT2 MAR"
="ELIMINADO"	=""	="1789694"	="ESPACADOR BARDELLA CSNVAI2711 3014"	="12.000"	="CDA"	="5I3"	="80008113686"	="38436540"	="4"	="3/3/25"	=""	="CANC"	="ENCE CAPC ERRD NEXE"	="G-CSN-10-175-413-045"	="45.15"	="0.000"	=""	="X"	=""	="[TROCAR] COMPONENTES PD LV CJ H LT2 MAR"
="ELIMINADO"	=""	="1639748"	="ROLAMENTO AUT ROLO  160,00X  240,00MM"	="24.000"	="CDA"	="5I3"	="80008113686"	="38436540"	="5"	="3/3/25"	=""	="CANC"	="ENCE CAPC ERRD NEXE"	="G-CSN-10-175-413-045"	="2,635.15"	="0.000"	=""	="X"	=""	="[TROCAR] COMPONENTES PD LV CJ H LT2 MAR"
="ELIMINADO"	=""	="9157590"	="UNIAO DEUBLIN 2425002204"	="24.000"	="CDA"	="5I3"	="80008113686"	="38436540"	="6"	="3/3/25"	=""	="CANC"	="ENCE CAPC ERRD NEXE"	="G-CSN-10-175-413-045"	="1,384.80"	="0.000"	=""	="X"	=""	="[TROCAR] COMPONENTES PD LV CJ H LT2 MAR"
="ELIMINADO"	=""	="8001285"	="ANEL BARDELLA CSNVAI2710 3013"	="12.000"	="CDA"	="5I3"	="80008113690"	="38436543"	="1"	="3/3/25"	=""	="CANC"	="ENCE CAPC ERRD NEXE"	="G-CSN-10-175-413-046"	="240.36"	="0.000"	=""	="X"	=""	="[TROCAR] COMPONENTES PD LV CJ H LT2 MAR"
="ELIMINADO"	=""	="1789692"	="ANEL BARDELLA CSNVAI2712"	="12.000"	="CDA"	="5I3"	="80008113690"	="38436543"	="2"	="3/3/25"	=""	="CANC"	="ENCE CAPC ERRD NEXE"	="G-CSN-10-175-413-046"	="1,357.53"	="0.000"	=""	="X"	=""	="[TROCAR] COMPONENTES PD LV CJ H LT2 MAR"
="ELIMINADO"	=""	="1789690"	="BUCHA BARDELLA CSNVAI2707 3008"	="36.000"	="CDA"	="5I3"	="80008113690"	="38436543"	="3"	="3/3/25"	=""	="CANC"	="ENCE CAPC ERRD NEXE"	="G-CSN-10-175-413-046"	="620.27"	="0.000"	=""	="X"	=""	="[TROCAR] COMPONENTES PD LV CJ H LT2 MAR"
="ELIMINADO"	=""	="1789694"	="ESPACADOR BARDELLA CSNVAI2711 3014"	="12.000"	="CDA"	="5I3"	="80008113690"	="38436543"	="4"	="3/3/25"	=""	="CANC"	="ENCE CAPC ERRD NEXE"	="G-CSN-10-175-413-046"	="45.15"	="0.000"	=""	="X"	=""	="[TROCAR] COMPONENTES PD LV CJ H LT2 MAR"
="ELIMINADO"	=""	="1639748"	="ROLAMENTO AUT ROLO  160,00X  240,00MM"	="24.000"	="CDA"	="5I3"	="80008113690"	="38436543"	="5"	="3/3/25"	=""	="CANC"	="ENCE CAPC ERRD NEXE"	="G-CSN-10-175-413-046"	="2,635.15"	="0.000"	=""	="X"	=""	="[TROCAR] COMPONENTES PD LV CJ H LT2 MAR"
="ELIMINADO"	=""	="9157590"	="UNIAO DEUBLIN 2425002204"	="24.000"	="CDA"	="5I3"	="80008113690"	="38436543"	="6"	="3/3/25"	=""	="CANC"	="ENCE CAPC ERRD NEXE"	="G-CSN-10-175-413-046"	="1,384.80"	="0.000"	=""	="X"	=""	="[TROCAR] COMPONENTES PD LV CJ H LT2 MAR"
="ELIMINADO"	=""	="8001285"	="ANEL BARDELLA CSNVAI2710 3013"	="12.000"	="CDA"	="5I3"	="80008113694"	="38436584"	="1"	="4/3/25"	=""	="CANC"	="ENCE CAPC ERRD NEXE"	="G-CSN-10-175-413-047"	="240.36"	="0.000"	=""	="X"	=""	="[TROCAR] COMPONENTES PD LV CJ H LT2 ABR"
="ELIMINADO"	=""	="1789692"	="ANEL BARDELLA CSNVAI2712"	="12.000"	="CDA"	="5I3"	="80008113694"	="38436584"	="2"	="4/3/25"	=""	="CANC"	="ENCE CAPC ERRD NEXE"	="G-CSN-10-175-413-047"	="1,357.53"	="0.000"	=""	="X"	=""	="[TROCAR] COMPONENTES PD LV CJ H LT2 ABR"
="ELIMINADO"	=""	="1789690"	="BUCHA BARDELLA CSNVAI2707 3008"	="36.000"	="CDA"	="5I3"	="80008113694"	="38436584"	="3"	="4/3/25"	=""	="CANC"	="ENCE CAPC ERRD NEXE"	="G-CSN-10-175-413-047"	="620.27"	="0.000"	=""	="X"	=""	="[TROCAR] COMPONENTES PD LV CJ H LT2 ABR"
="ELIMINADO"	=""	="1789694"	="ESPACADOR BARDELLA CSNVAI2711 3014"	="12.000"	="CDA"	="5I3"	="80008113694"	="38436584"	="4"	="4/3/25"	=""	="CANC"	="ENCE CAPC ERRD NEXE"	="G-CSN-10-175-413-047"	="45.15"	="0.000"	=""	="X"	=""	="[TROCAR] COMPONENTES PD LV CJ H LT2 ABR"
="ELIMINADO"	=""	="1639748"	="ROLAMENTO AUT ROLO  160,00X  240,00MM"	="24.000"	="CDA"	="5I3"	="80008113694"	="38436584"	="5"	="4/3/25"	=""	="CANC"	="ENCE CAPC ERRD NEXE"	="G-CSN-10-175-413-047"	="2,635.15"	="0.000"	=""	="X"	=""	="[TROCAR] COMPONENTES PD LV CJ H LT2 ABR"
="ELIMINADO"	=""	="9157590"	="UNIAO DEUBLIN 2425002204"	="24.000"	="CDA"	="5I3"	="80008113694"	="38436584"	="6"	="4/3/25"	=""	="CANC"	="ENCE CAPC ERRD NEXE"	="G-CSN-10-175-413-047"	="1,384.80"	="0.000"	=""	="X"	=""	="[TROCAR] COMPONENTES PD LV CJ H LT2 ABR"
="ELIMINADO"	=""	="8001285"	="ANEL BARDELLA CSNVAI2710 3013"	="12.000"	="CDA"	="5I3"	="80008113696"	="38436594"	="1"	="4/3/25"	=""	="CANC"	="ENCE CAPC ERRD NEXE"	="G-CSN-10-175-413-048"	="240.36"	="0.000"	=""	="X"	=""	="[TROCAR] COMPONENTES PD LV CJ H LT2 ABR"
="ELIMINADO"	=""	="1789692"	="ANEL BARDELLA CSNVAI2712"	="12.000"	="CDA"	="5I3"	="80008113696"	="38436594"	="2"	="4/3/25"	=""	="CANC"	="ENCE CAPC ERRD NEXE"	="G-CSN-10-175-413-048"	="1,357.53"	="0.000"	=""	="X"	=""	="[TROCAR] COMPONENTES PD LV CJ H LT2 ABR"
="ELIMINADO"	=""	="1789690"	="BUCHA BARDELLA CSNVAI2707 3008"	="36.000"	="CDA"	="5I3"	="80008113696"	="38436594"	="3"	="4/3/25"	=""	="CANC"	="ENCE CAPC ERRD NEXE"	="G-CSN-10-175-413-048"	="620.27"	="0.000"	=""	="X"	=""	="[TROCAR] COMPONENTES PD LV CJ H LT2 ABR"
="ELIMINADO"	=""	="1789694"	="ESPACADOR BARDELLA CSNVAI2711 3014"	="12.000"	="CDA"	="5I3"	="80008113696"	="38436594"	="4"	="4/3/25"	=""	="CANC"	="ENCE CAPC ERRD NEXE"	="G-CSN-10-175-413-048"	="45.15"	="0.000"	=""	="X"	=""	="[TROCAR] COMPONENTES PD LV CJ H LT2 ABR"
="ELIMINADO"	=""	="1639748"	="ROLAMENTO AUT ROLO  160,00X  240,00MM"	="24.000"	="CDA"	="5I3"	="80008113696"	="38436594"	="5"	="4/3/25"	=""	="CANC"	="ENCE CAPC ERRD NEXE"	="G-CSN-10-175-413-048"	="2,635.15"	="0.000"	=""	="X"	=""	="[TROCAR] COMPONENTES PD LV CJ H LT2 ABR"
="ELIMINADO"	=""	="9157590"	="UNIAO DEUBLIN 2425002204"	="24.000"	="CDA"	="5I3"	="80008113696"	="38436594"	="6"	="4/3/25"	=""	="CANC"	="ENCE CAPC ERRD NEXE"	="G-CSN-10-175-413-048"	="1,384.80"	="0.000"	=""	="X"	=""	="[TROCAR] COMPONENTES PD LV CJ H LT2 ABR"
="ELIMINADO"	=""	="8001285"	="ANEL BARDELLA CSNVAI2710 3013"	="12.000"	="CDA"	="5I3"	="80008113896"	="38437122"	="1"	="5/3/25"	=""	="CANC"	="ENCE CAPC ERRD NEXE"	="G-CSN-10-175-413-049"	="240.36"	="0.000"	=""	="X"	=""	="[TROCAR] COMPONENTES PD LV CJ H LT2 MAI"
="ELIMINADO"	=""	="1789692"	="ANEL BARDELLA CSNVAI2712"	="12.000"	="CDA"	="5I3"	="80008113896"	="38437122"	="2"	="5/3/25"	=""	="CANC"	="ENCE CAPC ERRD NEXE"	="G-CSN-10-175-413-049"	="1,357.53"	="0.000"	=""	="X"	=""	="[TROCAR] COMPONENTES PD LV CJ H LT2 MAI"
="ELIMINADO"	=""	="1789690"	="BUCHA BARDELLA CSNVAI2707 3008"	="36.000"	="CDA"	="5I3"	="80008113896"	="38437122"	="3"	="5/3/25"	=""	="CANC"	="ENCE CAPC ERRD NEXE"	="G-CSN-10-175-413-049"	="620.27"	="0.000"	=""	="X"	=""	="[TROCAR] COMPONENTES PD LV CJ H LT2 MAI"
="ELIMINADO"	=""	="1789694"	="ESPACADOR BARDELLA CSNVAI2711 3014"	="12.000"	="CDA"	="5I3"	="80008113896"	="38437122"	="4"	="5/3/25"	=""	="CANC"	="ENCE CAPC ERRD NEXE"	="G-CSN-10-175-413-049"	="45.15"	="0.000"	=""	="X"	=""	="[TROCAR] COMPONENTES PD LV CJ H LT2 MAI"
="ELIMINADO"	=""	="1639748"	="ROLAMENTO AUT ROLO  160,00X  240,00MM"	="24.000"	="CDA"	="5I3"	="80008113896"	="38437122"	="5"	="5/3/25"	=""	="CANC"	="ENCE CAPC ERRD NEXE"	="G-CSN-10-175-413-049"	="2,635.15"	="0.000"	=""	="X"	=""	="[TROCAR] COMPONENTES PD LV CJ H LT2 MAI"
="ELIMINADO"	=""	="9157590"	="UNIAO DEUBLIN 2425002204"	="24.000"	="CDA"	="5I3"	="80008113896"	="38437122"	="6"	="5/3/25"	=""	="CANC"	="ENCE CAPC ERRD NEXE"	="G-CSN-10-175-413-049"	="1,384.80"	="0.000"	=""	="X"	=""	="[TROCAR] COMPONENTES PD LV CJ H LT2 MAI"
="ELIMINADO"	=""	="8001285"	="ANEL BARDELLA CSNVAI2710 3013"	="12.000"	="CDA"	="5I3"	="80008113897"	="38437125"	="1"	="5/3/25"	=""	="CANC"	="ENCE CAPC ERRD NEXE"	="G-CSN-10-175-413-050"	="240.36"	="0.000"	=""	="X"	=""	="[TROCAR] COMPONENTES PD LV CJ H LT2 MAI"
="ELIMINADO"	=""	="1789692"	="ANEL BARDELLA CSNVAI2712"	="12.000"	="CDA"	="5I3"	="80008113897"	="38437125"	="2"	="5/3/25"	=""	="CANC"	="ENCE CAPC ERRD NEXE"	="G-CSN-10-175-413-050"	="1,357.53"	="0.000"	=""	="X"	=""	="[TROCAR] COMPONENTES PD LV CJ H LT2 MAI"
="ELIMINADO"	=""	="1789690"	="BUCHA BARDELLA CSNVAI2707 3008"	="36.000"	="CDA"	="5I3"	="80008113897"	="38437125"	="3"	="5/3/25"	=""	="CANC"	="ENCE CAPC ERRD NEXE"	="G-CSN-10-175-413-050"	="620.27"	="0.000"	=""	="X"	=""	="[TROCAR] COMPONENTES PD LV CJ H LT2 MAI"
="ELIMINADO"	=""	="1789694"	="ESPACADOR BARDELLA CSNVAI2711 3014"	="12.000"	="CDA"	="5I3"	="80008113897"	="38437125"	="4"	="5/3/25"	=""	="CANC"	="ENCE CAPC ERRD NEXE"	="G-CSN-10-175-413-050"	="45.15"	="0.000"	=""	="X"	=""	="[TROCAR] COMPONENTES PD LV CJ H LT2 MAI"
="ELIMINADO"	=""	="1639748"	="ROLAMENTO AUT ROLO  160,00X  240,00MM"	="24.000"	="CDA"	="5I3"	="80008113897"	="38437125"	="5"	="5/3/25"	=""	="CANC"	="ENCE CAPC ERRD NEXE"	="G-CSN-10-175-413-050"	="2,635.15"	="0.000"	=""	="X"	=""	="[TROCAR] COMPONENTES PD LV CJ H LT2 MAI"
="ELIMINADO"	=""	="9157590"	="UNIAO DEUBLIN 2425002204"	="24.000"	="CDA"	="5I3"	="80008113897"	="38437125"	="6"	="5/3/25"	=""	="CANC"	="ENCE CAPC ERRD NEXE"	="G-CSN-10-175-413-050"	="1,384.80"	="0.000"	=""	="X"	=""	="[TROCAR] COMPONENTES PD LV CJ H LT2 MAI"
="ELIMINADO"	=""	="8001285"	="ANEL BARDELLA CSNVAI2710 3013"	="12.000"	="CDA"	="5I3"	="80008113898"	="38437127"	="1"	="6/3/25"	=""	="CANC"	="ENCE CAPC ERRD NEXE"	="G-CSN-10-176-400-414"	="240.36"	="0.000"	=""	="X"	=""	="[TROCAR] COMPONENTES PD LV CJ H LT2 JUN"
="ELIMINADO"	=""	="1789692"	="ANEL BARDELLA CSNVAI2712"	="12.000"	="CDA"	="5I3"	="80008113898"	="38437127"	="2"	="6/3/25"	=""	="CANC"	="ENCE CAPC ERRD NEXE"	="G-CSN-10-176-400-414"	="1,357.53"	="0.000"	=""	="X"	=""	="[TROCAR] COMPONENTES PD LV CJ H LT2 JUN"
="ELIMINADO"	=""	="1789690"	="BUCHA BARDELLA CSNVAI2707 3008"	="36.000"	="CDA"	="5I3"	="80008113898"	="38437127"	="3"	="6/3/25"	=""	="CANC"	="ENCE CAPC ERRD NEXE"	="G-CSN-10-176-400-414"	="620.27"	="0.000"	=""	="X"	=""	="[TROCAR] COMPONENTES PD LV CJ H LT2 JUN"
="ELIMINADO"	=""	="1789694"	="ESPACADOR BARDELLA CSNVAI2711 3014"	="12.000"	="CDA"	="5I3"	="80008113898"	="38437127"	="4"	="6/3/25"	=""	="CANC"	="ENCE CAPC ERRD NEXE"	="G-CSN-10-176-400-414"	="45.15"	="0.000"	=""	="X"	=""	="[TROCAR] COMPONENTES PD LV CJ H LT2 JUN"
="ELIMINADO"	=""	="1639748"	="ROLAMENTO AUT ROLO  160,00X  240,00MM"	="24.000"	="CDA"	="5I3"	="80008113898"	="38437127"	="5"	="6/3/25"	=""	="CANC"	="ENCE CAPC ERRD NEXE"	="G-CSN-10-176-400-414"	="2,635.15"	="0.000"	=""	="X"	=""	="[TROCAR] COMPONENTES PD LV CJ H LT2 JUN"
="ELIMINADO"	=""	="9157590"	="UNIAO DEUBLIN 2425002204"	="24.000"	="CDA"	="5I3"	="80008113898"	="38437127"	="6"	="6/3/25"	=""	="CANC"	="ENCE CAPC ERRD NEXE"	="G-CSN-10-176-400-414"	="1,384.80"	="0.000"	=""	="X"	=""	="[TROCAR] COMPONENTES PD LV CJ H LT2 JUN"
="ELIMINADO"	=""	="8001285"	="ANEL BARDELLA CSNVAI2710 3013"	="12.000"	="CDA"	="5I3"	="80008113900"	="38437129"	="1"	="6/3/25"	=""	="CANC"	="ENCE CAPC ERRD NEXE"	="G-CSN-10-176-400-415"	="240.36"	="0.000"	=""	="X"	=""	="[TROCAR] COMPONENTES PD LV CJ H LT2 JUN"
="ELIMINADO"	=""	="1789692"	="ANEL BARDELLA CSNVAI2712"	="12.000"	="CDA"	="5I3"	="80008113900"	="38437129"	="2"	="6/3/25"	=""	="CANC"	="ENCE CAPC ERRD NEXE"	="G-CSN-10-176-400-415"	="1,357.53"	="0.000"	=""	="X"	=""	="[TROCAR] COMPONENTES PD LV CJ H LT2 JUN"
="ELIMINADO"	=""	="1789690"	="BUCHA BARDELLA CSNVAI2707 3008"	="36.000"	="CDA"	="5I3"	="80008113900"	="38437129"	="3"	="6/3/25"	=""	="CANC"	="ENCE CAPC ERRD NEXE"	="G-CSN-10-176-400-415"	="620.27"	="0.000"	=""	="X"	=""	="[TROCAR] COMPONENTES PD LV CJ H LT2 JUN"
="ELIMINADO"	=""	="1789694"	="ESPACADOR BARDELLA CSNVAI2711 3014"	="12.000"	="CDA"	="5I3"	="80008113900"	="38437129"	="4"	="6/3/25"	=""	="CANC"	="ENCE CAPC ERRD NEXE"	="G-CSN-10-176-400-415"	="45.15"	="0.000"	=""	="X"	=""	="[TROCAR] COMPONENTES PD LV CJ H LT2 JUN"
="ELIMINADO"	=""	="1639748"	="ROLAMENTO AUT ROLO  160,00X  240,00MM"	="24.000"	="CDA"	="5I3"	="80008113900"	="38437129"	="5"	="6/3/25"	=""	="CANC"	="ENCE CAPC ERRD NEXE"	="G-CSN-10-176-400-415"	="2,635.15"	="0.000"	=""	="X"	=""	="[TROCAR] COMPONENTES PD LV CJ H LT2 JUN"
="ELIMINADO"	=""	="9157590"	="UNIAO DEUBLIN 2425002204"	="24.000"	="CDA"	="5I3"	="80008113900"	="38437129"	="6"	="6/3/25"	=""	="CANC"	="ENCE CAPC ERRD NEXE"	="G-CSN-10-176-400-415"	="1,384.80"	="0.000"	=""	="X"	=""	="[TROCAR] COMPONENTES PD LV CJ H LT2 JUN"
="ELIMINADO"	=""	="8001183"	="ANEL O VITON   14,00X  4,00MM"	="192.000"	="CDA"	="5I3"	="80008114247"	="38437558"	="1"	="1/3/25"	=""	="CANC"	="ENCE CAPC ERRD NEXE"	="G-CSN-10-175-423-045"	="4.83"	="0.000"	=""	="X"	=""	="[TROCAR] COMPONENTES PD LV CJ H LT1 JAN"
="ELIMINADO"	=""	="1789697"	="MANCAL BARDELLA CSNVAI2713 3041, 3042"	="24.000"	="CDA"	="5I3"	="80008114247"	="38437558"	="2"	="1/3/25"	=""	="CANC"	="ENCE CAPC ERRD NEXE"	="G-CSN-10-175-423-045"	="3,877.93"	="0.000"	=""	="X"	=""	="[TROCAR] COMPONENTES PD LV CJ H LT1 JAN"
="ELIMINADO"	=""	="1789698"	="MANCAL BARDELLA CSNVAI2714 3046, 3047"	="8.000"	="CDA"	="5I3"	="80008114247"	="38437558"	="3"	="1/3/25"	=""	="CANC"	="ENCE CAPC ERRD NEXE"	="G-CSN-10-175-423-045"	="4,540.27"	="0.000"	=""	="X"	=""	="[TROCAR] COMPONENTES PD LV CJ H LT1 JAN"
="ELIMINADO"	=""	="8003154"	="PARAFUSO SEXT AISI410    M 6X     18MM"	="144.000"	="CDA"	="5I3"	="80008114247"	="38437558"	="4"	="1/3/25"	=""	="CANC"	="ENCE CAPC ERRD NEXE"	="G-CSN-10-175-423-045"	="0.51"	="0.000"	=""	="X"	=""	="[TROCAR] COMPONENTES PD LV CJ H LT1 JAN"
="ELIMINADO"	=""	="1779086"	="PORCA FIX ROLAM M130X2"	="3.000"	="CDA"	="5I3"	="80008114247"	="38437558"	="5"	="1/3/25"	=""	="CANC"	="ENCE CAPC ERRD NEXE"	="G-CSN-10-175-423-045"	="468.21"	="0.000"	=""	="X"	=""	="[TROCAR] COMPONENTES PD LV CJ H LT1 JAN"
="ELIMINADO"	=""	="1779091"	="ROLAMENTO AUT ROLO  140,00X  210,00MM"	="24.000"	="CDA"	="5I3"	="80008114247"	="38437558"	="6"	="1/3/25"	=""	="CANC"	="ENCE CAPC ERRD NEXE"	="G-CSN-10-175-423-045"	="1,777.92"	="0.000"	=""	="X"	=""	="[TROCAR] COMPONENTES PD LV CJ H LT1 JAN"
="ELIMINADO"	=""	="8001183"	="ANEL O VITON   14,00X  4,00MM"	="192.000"	="CDA"	="5I3"	="80008114248"	="38437559"	="1"	="1/3/25"	=""	="CANC"	="ENCE CAPC ERRD NEXE"	="G-CSN-10-175-423-046"	="4.83"	="0.000"	=""	="X"	=""	="[TROCAR] COMPONENTES PD LV CJ H LT1 JAN"
="ELIMINADO"	=""	="1789697"	="MANCAL BARDELLA CSNVAI2713 3041, 3042"	="24.000"	="CDA"	="5I3"	="80008114248"	="38437559"	="2"	="1/3/25"	=""	="CANC"	="ENCE CAPC ERRD NEXE"	="G-CSN-10-175-423-046"	="3,877.93"	="0.000"	=""	="X"	=""	="[TROCAR] COMPONENTES PD LV CJ H LT1 JAN"
="ELIMINADO"	=""	="1789698"	="MANCAL BARDELLA CSNVAI2714 3046, 3047"	="8.000"	="CDA"	="5I3"	="80008114248"	="38437559"	="3"	="1/3/25"	=""	="CANC"	="ENCE CAPC ERRD NEXE"	="G-CSN-10-175-423-046"	="4,540.27"	="0.000"	=""	="X"	=""	="[TROCAR] COMPONENTES PD LV CJ H LT1 JAN"
="ELIMINADO"	=""	="8003154"	="PARAFUSO SEXT AISI410    M 6X     18MM"	="144.000"	="CDA"	="5I3"	="80008114248"	="38437559"	="4"	="1/3/25"	=""	="CANC"	="ENCE CAPC ERRD NEXE"	="G-CSN-10-175-423-046"	="0.51"	="0.000"	=""	="X"	=""	="[TROCAR] COMPONENTES PD LV CJ H LT1 JAN"
="ELIMINADO"	=""	="1779086"	="PORCA FIX ROLAM M130X2"	="3.000"	="CDA"	="5I3"	="80008114248"	="38437559"	="5"	="1/3/25"	=""	="CANC"	="ENCE CAPC ERRD NEXE"	="G-CSN-10-175-423-046"	="468.21"	="0.000"	=""	="X"	=""	="[TROCAR] COMPONENTES PD LV CJ H LT1 JAN"
="ELIMINADO"	=""	="1779091"	="ROLAMENTO AUT ROLO  140,00X  210,00MM"	="24.000"	="CDA"	="5I3"	="80008114248"	="38437559"	="6"	="1/3/25"	=""	="CANC"	="ENCE CAPC ERRD NEXE"	="G-CSN-10-175-423-046"	="1,777.92"	="0.000"	=""	="X"	=""	="[TROCAR] COMPONENTES PD LV CJ H LT1 JAN"
="ELIMINADO"	=""	="8001183"	="ANEL O VITON   14,00X  4,00MM"	="192.000"	="CDA"	="5I3"	="80008114250"	="38437560"	="1"	="2/3/25"	=""	="CANC"	="ENCE CAPC ERRD NEXE"	="G-CSN-10-175-423-047"	="4.83"	="0.000"	=""	="X"	=""	="[TROCAR] COMPONENTES PD LV CJ H LT1 FEV"
="ELIMINADO"	=""	="1789697"	="MANCAL BARDELLA CSNVAI2713 3041, 3042"	="24.000"	="CDA"	="5I3"	="80008114250"	="38437560"	="2"	="2/3/25"	=""	="CANC"	="ENCE CAPC ERRD NEXE"	="G-CSN-10-175-423-047"	="3,877.93"	="0.000"	=""	="X"	=""	="[TROCAR] COMPONENTES PD LV CJ H LT1 FEV"
="ELIMINADO"	=""	="1789698"	="MANCAL BARDELLA CSNVAI2714 3046, 3047"	="8.000"	="CDA"	="5I3"	="80008114250"	="38437560"	="3"	="2/3/25"	=""	="CANC"	="ENCE CAPC ERRD NEXE"	="G-CSN-10-175-423-047"	="4,540.27"	="0.000"	=""	="X"	=""	="[TROCAR] COMPONENTES PD LV CJ H LT1 FEV"
="ELIMINADO"	=""	="8003154"	="PARAFUSO SEXT AISI410    M 6X     18MM"	="144.000"	="CDA"	="5I3"	="80008114250"	="38437560"	="4"	="2/3/25"	=""	="CANC"	="ENCE CAPC ERRD NEXE"	="G-CSN-10-175-423-047"	="0.51"	="0.000"	=""	="X"	=""	="[TROCAR] COMPONENTES PD LV CJ H LT1 FEV"
="ELIMINADO"	=""	="1779086"	="PORCA FIX ROLAM M130X2"	="3.000"	="CDA"	="5I3"	="80008114250"	="38437560"	="5"	="2/3/25"	=""	="CANC"	="ENCE CAPC ERRD NEXE"	="G-CSN-10-175-423-047"	="468.21"	="0.000"	=""	="X"	=""	="[TROCAR] COMPONENTES PD LV CJ H LT1 FEV"
="ELIMINADO"	=""	="1779091"	="ROLAMENTO AUT ROLO  140,00X  210,00MM"	="24.000"	="CDA"	="5I3"	="80008114250"	="38437560"	="6"	="2/3/25"	=""	="CANC"	="ENCE CAPC ERRD NEXE"	="G-CSN-10-175-423-047"	="1,777.92"	="0.000"	=""	="X"	=""	="[TROCAR] COMPONENTES PD LV CJ H LT1 FEV"
="ELIMINADO"	=""	="8001183"	="ANEL O VITON   14,00X  4,00MM"	="192.000"	="CDA"	="5I3"	="80008114252"	="38437564"	="1"	="2/3/25"	=""	="CANC"	="ENCE CAPC ERRD NEXE"	="G-CSN-10-175-423-048"	="4.83"	="0.000"	=""	="X"	=""	="[TROCAR] COMPONENTES PD LV CJ H LT1 FEV"
="ELIMINADO"	=""	="1789697"	="MANCAL BARDELLA CSNVAI2713 3041, 3042"	="24.000"	="CDA"	="5I3"	="80008114252"	="38437564"	="2"	="2/3/25"	=""	="CANC"	="ENCE CAPC ERRD NEXE"	="G-CSN-10-175-423-048"	="3,877.93"	="0.000"	=""	="X"	=""	="[TROCAR] COMPONENTES PD LV CJ H LT1 FEV"
="ELIMINADO"	=""	="1789698"	="MANCAL BARDELLA CSNVAI2714 3046, 3047"	="8.000"	="CDA"	="5I3"	="80008114252"	="38437564"	="3"	="2/3/25"	=""	="CANC"	="ENCE CAPC ERRD NEXE"	="G-CSN-10-175-423-048"	="4,540.27"	="0.000"	=""	="X"	=""	="[TROCAR] COMPONENTES PD LV CJ H LT1 FEV"
="ELIMINADO"	=""	="8003154"	="PARAFUSO SEXT AISI410    M 6X     18MM"	="144.000"	="CDA"	="5I3"	="80008114252"	="38437564"	="4"	="2/3/25"	=""	="CANC"	="ENCE CAPC ERRD NEXE"	="G-CSN-10-175-423-048"	="0.51"	="0.000"	=""	="X"	=""	="[TROCAR] COMPONENTES PD LV CJ H LT1 FEV"
="ELIMINADO"	=""	="1779086"	="PORCA FIX ROLAM M130X2"	="3.000"	="CDA"	="5I3"	="80008114252"	="38437564"	="5"	="2/3/25"	=""	="CANC"	="ENCE CAPC ERRD NEXE"	="G-CSN-10-175-423-048"	="468.21"	="0.000"	=""	="X"	=""	="[TROCAR] COMPONENTES PD LV CJ H LT1 FEV"
="ELIMINADO"	=""	="1779091"	="ROLAMENTO AUT ROLO  140,00X  210,00MM"	="24.000"	="CDA"	="5I3"	="80008114252"	="38437564"	="6"	="2/3/25"	=""	="CANC"	="ENCE CAPC ERRD NEXE"	="G-CSN-10-175-423-048"	="1,777.92"	="0.000"	=""	="X"	=""	="[TROCAR] COMPONENTES PD LV CJ H LT1 FEV"
="ELIMINADO"	=""	="8001183"	="ANEL O VITON   14,00X  4,00MM"	="192.000"	="CDA"	="5I3"	="80008114253"	="38437565"	="1"	="3/3/25"	=""	="CANC"	="ENCE CAPC ERRD NEXE"	="G-CSN-10-175-423-049"	="4.83"	="0.000"	=""	="X"	=""	="[TROCAR] COMPONENTES PD LV CJ H LT1 MAR"
="ELIMINADO"	=""	="1789697"	="MANCAL BARDELLA CSNVAI2713 3041, 3042"	="24.000"	="CDA"	="5I3"	="80008114253"	="38437565"	="2"	="3/3/25"	=""	="CANC"	="ENCE CAPC ERRD NEXE"	="G-CSN-10-175-423-049"	="3,877.93"	="0.000"	=""	="X"	=""	="[TROCAR] COMPONENTES PD LV CJ H LT1 MAR"
="ELIMINADO"	=""	="1789698"	="MANCAL BARDELLA CSNVAI2714 3046, 3047"	="8.000"	="CDA"	="5I3"	="80008114253"	="38437565"	="3"	="3/3/25"	=""	="CANC"	="ENCE CAPC ERRD NEXE"	="G-CSN-10-175-423-049"	="4,540.27"	="0.000"	=""	="X"	=""	="[TROCAR] COMPONENTES PD LV CJ H LT1 MAR"
="ELIMINADO"	=""	="8003154"	="PARAFUSO SEXT AISI410    M 6X     18MM"	="144.000"	="CDA"	="5I3"	="80008114253"	="38437565"	="4"	="3/3/25"	=""	="CANC"	="ENCE CAPC ERRD NEXE"	="G-CSN-10-175-423-049"	="0.51"	="0.000"	=""	="X"	=""	="[TROCAR] COMPONENTES PD LV CJ H LT1 MAR"
="ELIMINADO"	=""	="1779086"	="PORCA FIX ROLAM M130X2"	="3.000"	="CDA"	="5I3"	="80008114253"	="38437565"	="5"	="3/3/25"	=""	="CANC"	="ENCE CAPC ERRD NEXE"	="G-CSN-10-175-423-049"	="468.21"	="0.000"	=""	="X"	=""	="[TROCAR] COMPONENTES PD LV CJ H LT1 MAR"
="ELIMINADO"	=""	="1779091"	="ROLAMENTO AUT ROLO  140,00X  210,00MM"	="24.000"	="CDA"	="5I3"	="80008114253"	="38437565"	="6"	="3/3/25"	=""	="CANC"	="ENCE CAPC ERRD NEXE"	="G-CSN-10-175-423-049"	="1,777.92"	="0.000"	=""	="X"	=""	="[TROCAR] COMPONENTES PD LV CJ H LT1 MAR"
="ELIMINADO"	=""	="8001183"	="ANEL O VITON   14,00X  4,00MM"	="192.000"	="CDA"	="5I3"	="80008114254"	="38437566"	="1"	="3/3/25"	=""	="CANC"	="ENCE CAPC ERRD NEXE"	="G-CSN-10-175-423-050"	="4.83"	="0.000"	=""	="X"	=""	="[TROCAR] COMPONENTES PD LV CJ H LT1 MAR"
="ELIMINADO"	=""	="1789697"	="MANCAL BARDELLA CSNVAI2713 3041, 3042"	="24.000"	="CDA"	="5I3"	="80008114254"	="38437566"	="2"	="3/3/25"	=""	="CANC"	="ENCE CAPC ERRD NEXE"	="G-CSN-10-175-423-050"	="3,877.93"	="0.000"	=""	="X"	=""	="[TROCAR] COMPONENTES PD LV CJ H LT1 MAR"
="ELIMINADO"	=""	="1789698"	="MANCAL BARDELLA CSNVAI2714 3046, 3047"	="8.000"	="CDA"	="5I3"	="80008114254"	="38437566"	="3"	="3/3/25"	=""	="CANC"	="ENCE CAPC ERRD NEXE"	="G-CSN-10-175-423-050"	="4,540.27"	="0.000"	=""	="X"	=""	="[TROCAR] COMPONENTES PD LV CJ H LT1 MAR"
="ELIMINADO"	=""	="8003154"	="PARAFUSO SEXT AISI410    M 6X     18MM"	="144.000"	="CDA"	="5I3"	="80008114254"	="38437566"	="4"	="3/3/25"	=""	="CANC"	="ENCE CAPC ERRD NEXE"	="G-CSN-10-175-423-050"	="0.51"	="0.000"	=""	="X"	=""	="[TROCAR] COMPONENTES PD LV CJ H LT1 MAR"
="ELIMINADO"	=""	="1779086"	="PORCA FIX ROLAM M130X2"	="3.000"	="CDA"	="5I3"	="80008114254"	="38437566"	="5"	="3/3/25"	=""	="CANC"	="ENCE CAPC ERRD NEXE"	="G-CSN-10-175-423-050"	="468.21"	="0.000"	=""	="X"	=""	="[TROCAR] COMPONENTES PD LV CJ H LT1 MAR"
="ELIMINADO"	=""	="1779091"	="ROLAMENTO AUT ROLO  140,00X  210,00MM"	="24.000"	="CDA"	="5I3"	="80008114254"	="38437566"	="6"	="3/3/25"	=""	="CANC"	="ENCE CAPC ERRD NEXE"	="G-CSN-10-175-423-050"	="1,777.92"	="0.000"	=""	="X"	=""	="[TROCAR] COMPONENTES PD LV CJ H LT1 MAR"
="ELIMINADO"	=""	="8001183"	="ANEL O VITON   14,00X  4,00MM"	="192.000"	="CDA"	="5I3"	="80008114255"	="38437567"	="1"	="4/3/25"	=""	="CANC"	="ENCE CAPC ERRD NEXE"	="G-CSN-10-176-400-404"	="4.83"	="0.000"	=""	="X"	=""	="[TROCAR] COMPONENTES PD LV CJ H LT1 ABR"
="ELIMINADO"	=""	="1789697"	="MANCAL BARDELLA CSNVAI2713 3041, 3042"	="24.000"	="CDA"	="5I3"	="80008114255"	="38437567"	="2"	="4/3/25"	=""	="CANC"	="ENCE CAPC ERRD NEXE"	="G-CSN-10-176-400-404"	="3,877.93"	="0.000"	=""	="X"	=""	="[TROCAR] COMPONENTES PD LV CJ H LT1 ABR"
="ELIMINADO"	=""	="1789698"	="MANCAL BARDELLA CSNVAI2714 3046, 3047"	="8.000"	="CDA"	="5I3"	="80008114255"	="38437567"	="3"	="4/3/25"	=""	="CANC"	="ENCE CAPC ERRD NEXE"	="G-CSN-10-176-400-404"	="4,540.27"	="0.000"	=""	="X"	=""	="[TROCAR] COMPONENTES PD LV CJ H LT1 ABR"
="ELIMINADO"	=""	="8003154"	="PARAFUSO SEXT AISI410    M 6X     18MM"	="144.000"	="CDA"	="5I3"	="80008114255"	="38437567"	="4"	="4/3/25"	=""	="CANC"	="ENCE CAPC ERRD NEXE"	="G-CSN-10-176-400-404"	="0.51"	="0.000"	=""	="X"	=""	="[TROCAR] COMPONENTES PD LV CJ H LT1 ABR"
="ELIMINADO"	=""	="1779086"	="PORCA FIX ROLAM M130X2"	="3.000"	="CDA"	="5I3"	="80008114255"	="38437567"	="5"	="4/3/25"	=""	="CANC"	="ENCE CAPC ERRD NEXE"	="G-CSN-10-176-400-404"	="468.21"	="0.000"	=""	="X"	=""	="[TROCAR] COMPONENTES PD LV CJ H LT1 ABR"
="ELIMINADO"	=""	="1779091"	="ROLAMENTO AUT ROLO  140,00X  210,00MM"	="24.000"	="CDA"	="5I3"	="80008114255"	="38437567"	="6"	="4/3/25"	=""	="CANC"	="ENCE CAPC ERRD NEXE"	="G-CSN-10-176-400-404"	="1,777.92"	="0.000"	=""	="X"	=""	="[TROCAR] COMPONENTES PD LV CJ H LT1 ABR"
="ELIMINADO"	=""	="8001183"	="ANEL O VITON   14,00X  4,00MM"	="192.000"	="CDA"	="5I3"	="80008114257"	="38437571"	="1"	="4/3/25"	=""	="CANC"	="ENCE CAPC ERRD NEXE"	="G-CSN-10-176-400-405"	="4.83"	="0.000"	=""	="X"	=""	="[TROCAR] COMPONENTES PD LV CJ H LT1 ABR"
="ELIMINADO"	=""	="1789697"	="MANCAL BARDELLA CSNVAI2713 3041, 3042"	="24.000"	="CDA"	="5I3"	="80008114257"	="38437571"	="2"	="4/3/25"	=""	="CANC"	="ENCE CAPC ERRD NEXE"	="G-CSN-10-176-400-405"	="3,877.93"	="0.000"	=""	="X"	=""	="[TROCAR] COMPONENTES PD LV CJ H LT1 ABR"
="ELIMINADO"	=""	="1789698"	="MANCAL BARDELLA CSNVAI2714 3046, 3047"	="8.000"	="CDA"	="5I3"	="80008114257"	="38437571"	="3"	="4/3/25"	=""	="CANC"	="ENCE CAPC ERRD NEXE"	="G-CSN-10-176-400-405"	="4,540.27"	="0.000"	=""	="X"	=""	="[TROCAR] COMPONENTES PD LV CJ H LT1 ABR"
="ELIMINADO"	=""	="8003154"	="PARAFUSO SEXT AISI410    M 6X     18MM"	="144.000"	="CDA"	="5I3"	="80008114257"	="38437571"	="4"	="4/3/25"	=""	="CANC"	="ENCE CAPC ERRD NEXE"	="G-CSN-10-176-400-405"	="0.51"	="0.000"	=""	="X"	=""	="[TROCAR] COMPONENTES PD LV CJ H LT1 ABR"
="ELIMINADO"	=""	="1779086"	="PORCA FIX ROLAM M130X2"	="3.000"	="CDA"	="5I3"	="80008114257"	="38437571"	="5"	="4/3/25"	=""	="CANC"	="ENCE CAPC ERRD NEXE"	="G-CSN-10-176-400-405"	="468.21"	="0.000"	=""	="X"	=""	="[TROCAR] COMPONENTES PD LV CJ H LT1 ABR"
="ELIMINADO"	=""	="1779091"	="ROLAMENTO AUT ROLO  140,00X  210,00MM"	="24.000"	="CDA"	="5I3"	="80008114257"	="38437571"	="6"	="4/3/25"	=""	="CANC"	="ENCE CAPC ERRD NEXE"	="G-CSN-10-176-400-405"	="1,777.92"	="0.000"	=""	="X"	=""	="[TROCAR] COMPONENTES PD LV CJ H LT1 ABR"
="ELIMINADO"	=""	="8001183"	="ANEL O VITON   14,00X  4,00MM"	="192.000"	="CDA"	="5I3"	="80008114258"	="38437572"	="1"	="5/3/25"	=""	="CANC"	="ENCE CAPC ERRD NEXE"	="G-CSN-10-175-413-030"	="4.83"	="0.000"	=""	="X"	=""	="[TROCAR] COMPONENTES PD LV CJ H LT1 MAI"
="ELIMINADO"	=""	="1789697"	="MANCAL BARDELLA CSNVAI2713 3041, 3042"	="24.000"	="CDA"	="5I3"	="80008114258"	="38437572"	="2"	="5/3/25"	=""	="CANC"	="ENCE CAPC ERRD NEXE"	="G-CSN-10-175-413-030"	="3,877.93"	="0.000"	=""	="X"	=""	="[TROCAR] COMPONENTES PD LV CJ H LT1 MAI"
="ELIMINADO"	=""	="1789698"	="MANCAL BARDELLA CSNVAI2714 3046, 3047"	="8.000"	="CDA"	="5I3"	="80008114258"	="38437572"	="3"	="5/3/25"	=""	="CANC"	="ENCE CAPC ERRD NEXE"	="G-CSN-10-175-413-030"	="4,540.27"	="0.000"	=""	="X"	=""	="[TROCAR] COMPONENTES PD LV CJ H LT1 MAI"
="ELIMINADO"	=""	="8003154"	="PARAFUSO SEXT AISI410    M 6X     18MM"	="144.000"	="CDA"	="5I3"	="80008114258"	="38437572"	="4"	="5/3/25"	=""	="CANC"	="ENCE CAPC ERRD NEXE"	="G-CSN-10-175-413-030"	="0.51"	="0.000"	=""	="X"	=""	="[TROCAR] COMPONENTES PD LV CJ H LT1 MAI"
="ELIMINADO"	=""	="1779086"	="PORCA FIX ROLAM M130X2"	="3.000"	="CDA"	="5I3"	="80008114258"	="38437572"	="5"	="5/3/25"	=""	="CANC"	="ENCE CAPC ERRD NEXE"	="G-CSN-10-175-413-030"	="468.21"	="0.000"	=""	="X"	=""	="[TROCAR] COMPONENTES PD LV CJ H LT1 MAI"
="ELIMINADO"	=""	="1779091"	="ROLAMENTO AUT ROLO  140,00X  210,00MM"	="24.000"	="CDA"	="5I3"	="80008114258"	="38437572"	="6"	="5/3/25"	=""	="CANC"	="ENCE CAPC ERRD NEXE"	="G-CSN-10-175-413-030"	="1,777.92"	="0.000"	=""	="X"	=""	="[TROCAR] COMPONENTES PD LV CJ H LT1 MAI"
="ELIMINADO"	=""	="8001183"	="ANEL O VITON   14,00X  4,00MM"	="192.000"	="CDA"	="5I3"	="80008114259"	="38437573"	="1"	="5/3/25"	=""	="CANC"	="ENCE CAPC ERRD NEXE"	="G-CSN-10-175-413-032"	="4.83"	="0.000"	=""	="X"	=""	="[TROCAR] COMPONENTES PD LV CJ H LT1 MAI"
="ELIMINADO"	=""	="1789697"	="MANCAL BARDELLA CSNVAI2713 3041, 3042"	="24.000"	="CDA"	="5I3"	="80008114259"	="38437573"	="2"	="5/3/25"	=""	="CANC"	="ENCE CAPC ERRD NEXE"	="G-CSN-10-175-413-032"	="3,877.93"	="0.000"	=""	="X"	=""	="[TROCAR] COMPONENTES PD LV CJ H LT1 MAI"
="ELIMINADO"	=""	="1789698"	="MANCAL BARDELLA CSNVAI2714 3046, 3047"	="8.000"	="CDA"	="5I3"	="80008114259"	="38437573"	="3"	="5/3/25"	=""	="CANC"	="ENCE CAPC ERRD NEXE"	="G-CSN-10-175-413-032"	="4,540.27"	="0.000"	=""	="X"	=""	="[TROCAR] COMPONENTES PD LV CJ H LT1 MAI"
="ELIMINADO"	=""	="8003154"	="PARAFUSO SEXT AISI410    M 6X     18MM"	="144.000"	="CDA"	="5I3"	="80008114259"	="38437573"	="4"	="5/3/25"	=""	="CANC"	="ENCE CAPC ERRD NEXE"	="G-CSN-10-175-413-032"	="0.51"	="0.000"	=""	="X"	=""	="[TROCAR] COMPONENTES PD LV CJ H LT1 MAI"
="ELIMINADO"	=""	="1779086"	="PORCA FIX ROLAM M130X2"	="3.000"	="CDA"	="5I3"	="80008114259"	="38437573"	="5"	="5/3/25"	=""	="CANC"	="ENCE CAPC ERRD NEXE"	="G-CSN-10-175-413-032"	="468.21"	="0.000"	=""	="X"	=""	="[TROCAR] COMPONENTES PD LV CJ H LT1 MAI"
="ELIMINADO"	=""	="1779091"	="ROLAMENTO AUT ROLO  140,00X  210,00MM"	="24.000"	="CDA"	="5I3"	="80008114259"	="38437573"	="6"	="5/3/25"	=""	="CANC"	="ENCE CAPC ERRD NEXE"	="G-CSN-10-175-413-032"	="1,777.92"	="0.000"	=""	="X"	=""	="[TROCAR] COMPONENTES PD LV CJ H LT1 MAI"
="ELIMINADO"	=""	="8001183"	="ANEL O VITON   14,00X  4,00MM"	="192.000"	="CDA"	="5I3"	="80008114260"	="38437574"	="1"	="6/3/25"	=""	="CANC"	="ENCE CAPC ERRD NEXE"	="G-CSN-10-175-413-041"	="4.83"	="0.000"	=""	="X"	=""	="[TROCAR] COMPONENTES PD LV CJ H LT1 JUN"
="ELIMINADO"	=""	="1789697"	="MANCAL BARDELLA CSNVAI2713 3041, 3042"	="24.000"	="CDA"	="5I3"	="80008114260"	="38437574"	="2"	="6/3/25"	=""	="CANC"	="ENCE CAPC ERRD NEXE"	="G-CSN-10-175-413-041"	="3,877.93"	="0.000"	=""	="X"	=""	="[TROCAR] COMPONENTES PD LV CJ H LT1 JUN"
="ELIMINADO"	=""	="1789698"	="MANCAL BARDELLA CSNVAI2714 3046, 3047"	="8.000"	="CDA"	="5I3"	="80008114260"	="38437574"	="3"	="6/3/25"	=""	="CANC"	="ENCE CAPC ERRD NEXE"	="G-CSN-10-175-413-041"	="4,540.27"	="0.000"	=""	="X"	=""	="[TROCAR] COMPONENTES PD LV CJ H LT1 JUN"
="ELIMINADO"	=""	="8003154"	="PARAFUSO SEXT AISI410    M 6X     18MM"	="144.000"	="CDA"	="5I3"	="80008114260"	="38437574"	="4"	="6/3/25"	=""	="CANC"	="ENCE CAPC ERRD NEXE"	="G-CSN-10-175-413-041"	="0.51"	="0.000"	=""	="X"	=""	="[TROCAR] COMPONENTES PD LV CJ H LT1 JUN"
="ELIMINADO"	=""	="1779086"	="PORCA FIX ROLAM M130X2"	="3.000"	="CDA"	="5I3"	="80008114260"	="38437574"	="5"	="6/3/25"	=""	="CANC"	="ENCE CAPC ERRD NEXE"	="G-CSN-10-175-413-041"	="468.21"	="0.000"	=""	="X"	=""	="[TROCAR] COMPONENTES PD LV CJ H LT1 JUN"
="ELIMINADO"	=""	="1779091"	="ROLAMENTO AUT ROLO  140,00X  210,00MM"	="24.000"	="CDA"	="5I3"	="80008114260"	="38437574"	="6"	="6/3/25"	=""	="CANC"	="ENCE CAPC ERRD NEXE"	="G-CSN-10-175-413-041"	="1,777.92"	="0.000"	=""	="X"	=""	="[TROCAR] COMPONENTES PD LV CJ H LT1 JUN"
="ELIMINADO"	=""	="8001183"	="ANEL O VITON   14,00X  4,00MM"	="192.000"	="CDA"	="5I3"	="80008114261"	="38437575"	="1"	="6/3/25"	=""	="CANC"	="ENCE CAPC ERRD NEXE"	="G-CSN-10-175-413-042"	="4.83"	="0.000"	=""	="X"	=""	="[TROCAR] COMPONENTES PD LV CJ H LT1 JUN"
="ELIMINADO"	=""	="1789697"	="MANCAL BARDELLA CSNVAI2713 3041, 3042"	="24.000"	="CDA"	="5I3"	="80008114261"	="38437575"	="2"	="6/3/25"	=""	="CANC"	="ENCE CAPC ERRD NEXE"	="G-CSN-10-175-413-042"	="3,877.93"	="0.000"	=""	="X"	=""	="[TROCAR] COMPONENTES PD LV CJ H LT1 JUN"
="ELIMINADO"	=""	="1789698"	="MANCAL BARDELLA CSNVAI2714 3046, 3047"	="8.000"	="CDA"	="5I3"	="80008114261"	="38437575"	="3"	="6/3/25"	=""	="CANC"	="ENCE CAPC ERRD NEXE"	="G-CSN-10-175-413-042"	="4,540.27"	="0.000"	=""	="X"	=""	="[TROCAR] COMPONENTES PD LV CJ H LT1 JUN"
="ELIMINADO"	=""	="8003154"	="PARAFUSO SEXT AISI410    M 6X     18MM"	="144.000"	="CDA"	="5I3"	="80008114261"	="38437575"	="4"	="6/3/25"	=""	="CANC"	="ENCE CAPC ERRD NEXE"	="G-CSN-10-175-413-042"	="0.51"	="0.000"	=""	="X"	=""	="[TROCAR] COMPONENTES PD LV CJ H LT1 JUN"
="ELIMINADO"	=""	="1779086"	="PORCA FIX ROLAM M130X2"	="3.000"	="CDA"	="5I3"	="80008114261"	="38437575"	="5"	="6/3/25"	=""	="CANC"	="ENCE CAPC ERRD NEXE"	="G-CSN-10-175-413-042"	="468.21"	="0.000"	=""	="X"	=""	="[TROCAR] COMPONENTES PD LV CJ H LT1 JUN"
="ELIMINADO"	=""	="1779091"	="ROLAMENTO AUT ROLO  140,00X  210,00MM"	="24.000"	="CDA"	="5I3"	="80008114261"	="38437575"	="6"	="6/3/25"	=""	="CANC"	="ENCE CAPC ERRD NEXE"	="G-CSN-10-175-413-042"	="1,777.92"	="0.000"	=""	="X"	=""	="[TROCAR] COMPONENTES PD LV CJ H LT1 JUN"
="ELIMINADO"	=""	="8768050"	="CONVERSOR DE SINAL DE VIDEO VGA HDMI"	="3.000"	="CDA"	="5I6"	="80008115057"	="38439033"	="2"	="9/1/23"	=""	="CANC"	="ENCE CAPC MatC NEXE"	="G-CSN-10-176-200-201"	="244.24"	="0.000"	=""	="X"	=""	="[REPOR] EQUIPAMENTOS LEANDRO OMS"
="ELIMINADO"	=""	="9150562"	="CENTRAL DE ALARME MONITORADA"	="2.000"	="CDA"	="5I6"	="80008115057"	="38439033"	="3"	="9/1/23"	=""	="CANC"	="ENCE CAPC MatC NEXE"	="G-CSN-10-176-200-201"	="708.81"	="0.000"	=""	="X"	=""	="[REPOR] EQUIPAMENTOS LEANDRO OMS"
="ELIMINADO"	=""	="9155223"	="BOROSCOPIO"	="1.000"	="CDA"	="5I6"	="80008115057"	="38439033"	="4"	="9/1/23"	=""	="CANC"	="ENCE CAPC MatC NEXE"	="G-CSN-10-176-200-201"	="23,000.00"	="0.000"	=""	="X"	=""	="[REPOR] EQUIPAMENTOS LEANDRO OMS"
="ELIMINADO"	=""	="8001148"	="ANEL O VITON  140,00X  3,50MM"	="12.000"	="CDA"	="5I3"	="80008117067"	="38443296"	="1"	="1/3/25"	=""	="CANC"	="ENCE CAPC ERRD NEXE"	="G-CSN-10-176-400-415"	="16.64"	="0.000"	=""	="X"	=""	="[TROCAR] COMPONENTES V1 LV CJ H LT1 JAN"
="ELIMINADO"	=""	="1675495"	="ARRUELA PRES AISI304     M 6"	="144.000"	="CDA"	="5I3"	="80008117067"	="38443296"	="2"	="1/3/25"	=""	="CANC"	="ENCE CAPC ERRD NEXE"	="G-CSN-10-176-400-415"	="0.07"	="0.000"	=""	="X"	=""	="[TROCAR] COMPONENTES V1 LV CJ H LT1 JAN"
="ELIMINADO"	=""	="1789691"	="BUCHA BARDELLA CSNVAI2708 3009"	="24.000"	="CDA"	="5I3"	="80008117067"	="38443296"	="3"	="1/3/25"	=""	="CANC"	="ENCE CAPC ERRD NEXE"	="G-CSN-10-176-400-415"	="1,361.99"	="0.000"	=""	="X"	=""	="[TROCAR] COMPONENTES V1 LV CJ H LT1 JAN"
="ELIMINADO"	=""	="8014451"	="CHAVETA AS ST50 2K    36,0X20,0X100MM"	="36.000"	="CDA"	="5I3"	="80008117067"	="38443296"	="4"	="1/3/25"	=""	="CANC"	="ENCE CAPC ERRD NEXE"	="G-CSN-10-176-400-415"	="120.84"	="0.000"	=""	="X"	=""	="[TROCAR] COMPONENTES V1 LV CJ H LT1 JAN"
="ELIMINADO"	=""	="1779154"	="PARAFUSO CIL CL8.8    M 8X     16MM"	="264.000"	="CDA"	="5I3"	="80008117067"	="38443296"	="5"	="1/3/25"	=""	="CANC"	="ENCE CAPC ERRD NEXE"	="G-CSN-10-176-400-415"	="1.43"	="0.000"	=""	="X"	=""	="[TROCAR] COMPONENTES V1 LV CJ H LT1 JAN"
="ELIMINADO"	=""	="8015266"	="PARAFUSO SCAB CL8.8    M10X    10MM"	="36.000"	="CDA"	="5I3"	="80008117067"	="38443296"	="6"	="1/3/25"	=""	="CANC"	="ENCE CAPC ERRD NEXE"	="G-CSN-10-176-400-415"	="0.47"	="0.000"	=""	="X"	=""	="[TROCAR] COMPONENTES V1 LV CJ H LT1 JAN"
="ELIMINADO"	=""	="1631056"	="PARAFUSO SEXT AISI316    M10X     25MM"	="144.000"	="CDA"	="5I3"	="80008117067"	="38443296"	="7"	="1/3/25"	=""	="CANC"	="ENCE CAPC ERRD NEXE"	="G-CSN-10-176-400-415"	="3.33"	="0.000"	=""	="X"	=""	="[TROCAR] COMPONENTES V1 LV CJ H LT1 JAN"
="ELIMINADO"	=""	="1622641"	="RETENTOR NBR  190,00X  160,00X 14,00MM"	="96.000"	="CDA"	="5I3"	="80008117067"	="38443296"	="8"	="1/3/25"	=""	="CANC"	="ENCE CAPC ERRD NEXE"	="G-CSN-10-176-400-415"	="58.74"	="0.000"	=""	="X"	=""	="[TROCAR] COMPONENTES V1 LV CJ H LT1 JAN"
="ELIMINADO"	=""	="8001148"	="ANEL O VITON  140,00X  3,50MM"	="12.000"	="CDA"	="5I3"	="80008117068"	="38443438"	="1"	="1/3/25"	=""	="CANC"	="ENCE CAPC ERRD NEXE"	="G-CSN-10-175-423-030"	="16.64"	="0.000"	=""	="X"	=""	="[TROCAR] COMPONENTES V1 LV CJ H LT1 JAN"
="ELIMINADO"	=""	="1675495"	="ARRUELA PRES AISI304     M 6"	="144.000"	="CDA"	="5I3"	="80008117068"	="38443438"	="2"	="1/3/25"	=""	="CANC"	="ENCE CAPC ERRD NEXE"	="G-CSN-10-175-423-030"	="0.07"	="0.000"	=""	="X"	=""	="[TROCAR] COMPONENTES V1 LV CJ H LT1 JAN"
="ELIMINADO"	=""	="1789691"	="BUCHA BARDELLA CSNVAI2708 3009"	="24.000"	="CDA"	="5I3"	="80008117068"	="38443438"	="3"	="1/3/25"	=""	="CANC"	="ENCE CAPC ERRD NEXE"	="G-CSN-10-175-423-030"	="1,361.99"	="0.000"	=""	="X"	=""	="[TROCAR] COMPONENTES V1 LV CJ H LT1 JAN"
="ELIMINADO"	=""	="8014451"	="CHAVETA AS ST50 2K    36,0X20,0X100MM"	="36.000"	="CDA"	="5I3"	="80008117068"	="38443438"	="4"	="1/3/25"	=""	="CANC"	="ENCE CAPC ERRD NEXE"	="G-CSN-10-175-423-030"	="120.84"	="0.000"	=""	="X"	=""	="[TROCAR] COMPONENTES V1 LV CJ H LT1 JAN"
="ELIMINADO"	=""	="1779154"	="PARAFUSO CIL CL8.8    M 8X     16MM"	="264.000"	="CDA"	="5I3"	="80008117068"	="38443438"	="5"	="1/3/25"	=""	="CANC"	="ENCE CAPC ERRD NEXE"	="G-CSN-10-175-423-030"	="1.43"	="0.000"	=""	="X"	=""	="[TROCAR] COMPONENTES V1 LV CJ H LT1 JAN"
="ELIMINADO"	=""	="8015266"	="PARAFUSO SCAB CL8.8    M10X    10MM"	="36.000"	="CDA"	="5I3"	="80008117068"	="38443438"	="6"	="1/3/25"	=""	="CANC"	="ENCE CAPC ERRD NEXE"	="G-CSN-10-175-423-030"	="0.47"	="0.000"	=""	="X"	=""	="[TROCAR] COMPONENTES V1 LV CJ H LT1 JAN"
="ELIMINADO"	=""	="1631056"	="PARAFUSO SEXT AISI316    M10X     25MM"	="144.000"	="CDA"	="5I3"	="80008117068"	="38443438"	="7"	="1/3/25"	=""	="CANC"	="ENCE CAPC ERRD NEXE"	="G-CSN-10-175-423-030"	="3.33"	="0.000"	=""	="X"	=""	="[TROCAR] COMPONENTES V1 LV CJ H LT1 JAN"
="ELIMINADO"	=""	="1622641"	="RETENTOR NBR  190,00X  160,00X 14,00MM"	="96.000"	="CDA"	="5I3"	="80008117068"	="38443438"	="8"	="1/3/25"	=""	="CANC"	="ENCE CAPC ERRD NEXE"	="G-CSN-10-175-423-030"	="58.74"	="0.000"	=""	="X"	=""	="[TROCAR] COMPONENTES V1 LV CJ H LT1 JAN"
="ELIMINADO"	=""	="8001148"	="ANEL O VITON  140,00X  3,50MM"	="12.000"	="CDA"	="5I3"	="80008117069"	="38443440"	="1"	="2/3/25"	=""	="CANC"	="ENCE CAPC ERRD NEXE"	="G-CSN-10-175-423-032"	="16.64"	="0.000"	=""	="X"	=""	="[TROCAR] COMPONENTES V1 LV CJ H LT1 FEV"
="ELIMINADO"	=""	="1675495"	="ARRUELA PRES AISI304     M 6"	="144.000"	="CDA"	="5I3"	="80008117069"	="38443440"	="2"	="2/3/25"	=""	="CANC"	="ENCE CAPC ERRD NEXE"	="G-CSN-10-175-423-032"	="0.07"	="0.000"	=""	="X"	=""	="[TROCAR] COMPONENTES V1 LV CJ H LT1 FEV"
="ELIMINADO"	=""	="1789691"	="BUCHA BARDELLA CSNVAI2708 3009"	="24.000"	="CDA"	="5I3"	="80008117069"	="38443440"	="3"	="2/3/25"	=""	="CANC"	="ENCE CAPC ERRD NEXE"	="G-CSN-10-175-423-032"	="1,361.99"	="0.000"	=""	="X"	=""	="[TROCAR] COMPONENTES V1 LV CJ H LT1 FEV"
="ELIMINADO"	=""	="8014451"	="CHAVETA AS ST50 2K    36,0X20,0X100MM"	="36.000"	="CDA"	="5I3"	="80008117069"	="38443440"	="4"	="2/3/25"	=""	="CANC"	="ENCE CAPC ERRD NEXE"	="G-CSN-10-175-423-032"	="120.84"	="0.000"	=""	="X"	=""	="[TROCAR] COMPONENTES V1 LV CJ H LT1 FEV"
="ELIMINADO"	=""	="1779154"	="PARAFUSO CIL CL8.8    M 8X     16MM"	="264.000"	="CDA"	="5I3"	="80008117069"	="38443440"	="5"	="2/3/25"	=""	="CANC"	="ENCE CAPC ERRD NEXE"	="G-CSN-10-175-423-032"	="1.43"	="0.000"	=""	="X"	=""	="[TROCAR] COMPONENTES V1 LV CJ H LT1 FEV"
="ELIMINADO"	=""	="8015266"	="PARAFUSO SCAB CL8.8    M10X    10MM"	="36.000"	="CDA"	="5I3"	="80008117069"	="38443440"	="6"	="2/3/25"	=""	="CANC"	="ENCE CAPC ERRD NEXE"	="G-CSN-10-175-423-032"	="0.47"	="0.000"	=""	="X"	=""	="[TROCAR] COMPONENTES V1 LV CJ H LT1 FEV"
="ELIMINADO"	=""	="1631056"	="PARAFUSO SEXT AISI316    M10X     25MM"	="144.000"	="CDA"	="5I3"	="80008117069"	="38443440"	="7"	="2/3/25"	=""	="CANC"	="ENCE CAPC ERRD NEXE"	="G-CSN-10-175-423-032"	="3.33"	="0.000"	=""	="X"	=""	="[TROCAR] COMPONENTES V1 LV CJ H LT1 FEV"
="ELIMINADO"	=""	="1622641"	="RETENTOR NBR  190,00X  160,00X 14,00MM"	="96.000"	="CDA"	="5I3"	="80008117069"	="38443440"	="8"	="2/3/25"	=""	="CANC"	="ENCE CAPC ERRD NEXE"	="G-CSN-10-175-423-032"	="58.74"	="0.000"	=""	="X"	=""	="[TROCAR] COMPONENTES V1 LV CJ H LT1 FEV"
="ELIMINADO"	=""	="8001148"	="ANEL O VITON  140,00X  3,50MM"	="12.000"	="CDA"	="5I3"	="80008117072"	="38443443"	="1"	="2/3/25"	=""	="CANC"	="ENCE CAPC ERRD NEXE"	="G-CSN-10-175-423-041"	="16.64"	="0.000"	=""	="X"	=""	="[TROCAR] COMPONENTES V1 LV CJ H LT1 FEV"
="ELIMINADO"	=""	="1675495"	="ARRUELA PRES AISI304     M 6"	="144.000"	="CDA"	="5I3"	="80008117072"	="38443443"	="2"	="2/3/25"	=""	="CANC"	="ENCE CAPC ERRD NEXE"	="G-CSN-10-175-423-041"	="0.07"	="0.000"	=""	="X"	=""	="[TROCAR] COMPONENTES V1 LV CJ H LT1 FEV"
="ELIMINADO"	=""	="1789691"	="BUCHA BARDELLA CSNVAI2708 3009"	="24.000"	="CDA"	="5I3"	="80008117072"	="38443443"	="3"	="2/3/25"	=""	="CANC"	="ENCE CAPC ERRD NEXE"	="G-CSN-10-175-423-041"	="1,361.99"	="0.000"	=""	="X"	=""	="[TROCAR] COMPONENTES V1 LV CJ H LT1 FEV"
="ELIMINADO"	=""	="8014451"	="CHAVETA AS ST50 2K    36,0X20,0X100MM"	="36.000"	="CDA"	="5I3"	="80008117072"	="38443443"	="4"	="2/3/25"	=""	="CANC"	="ENCE CAPC ERRD NEXE"	="G-CSN-10-175-423-041"	="120.84"	="0.000"	=""	="X"	=""	="[TROCAR] COMPONENTES V1 LV CJ H LT1 FEV"
="ELIMINADO"	=""	="1779154"	="PARAFUSO CIL CL8.8    M 8X     16MM"	="264.000"	="CDA"	="5I3"	="80008117072"	="38443443"	="5"	="2/3/25"	=""	="CANC"	="ENCE CAPC ERRD NEXE"	="G-CSN-10-175-423-041"	="1.43"	="0.000"	=""	="X"	=""	="[TROCAR] COMPONENTES V1 LV CJ H LT1 FEV"
="ELIMINADO"	=""	="8015266"	="PARAFUSO SCAB CL8.8    M10X    10MM"	="36.000"	="CDA"	="5I3"	="80008117072"	="38443443"	="6"	="2/3/25"	=""	="CANC"	="ENCE CAPC ERRD NEXE"	="G-CSN-10-175-423-041"	="0.47"	="0.000"	=""	="X"	=""	="[TROCAR] COMPONENTES V1 LV CJ H LT1 FEV"
="ELIMINADO"	=""	="1631056"	="PARAFUSO SEXT AISI316    M10X     25MM"	="144.000"	="CDA"	="5I3"	="80008117072"	="38443443"	="7"	="2/3/25"	=""	="CANC"	="ENCE CAPC ERRD NEXE"	="G-CSN-10-175-423-041"	="3.33"	="0.000"	=""	="X"	=""	="[TROCAR] COMPONENTES V1 LV CJ H LT1 FEV"
="ELIMINADO"	=""	="1622641"	="RETENTOR NBR  190,00X  160,00X 14,00MM"	="96.000"	="CDA"	="5I3"	="80008117072"	="38443443"	="8"	="2/3/25"	=""	="CANC"	="ENCE CAPC ERRD NEXE"	="G-CSN-10-175-423-041"	="58.74"	="0.000"	=""	="X"	=""	="[TROCAR] COMPONENTES V1 LV CJ H LT1 FEV"
="ELIMINADO"	=""	="8001148"	="ANEL O VITON  140,00X  3,50MM"	="12.000"	="CDA"	="5I3"	="80008117073"	="38443445"	="1"	="3/3/25"	=""	="CANC"	="ENCE CAPC ERRD NEXE"	="G-CSN-10-175-423-042"	="16.64"	="0.000"	=""	="X"	=""	="[TROCAR] COMPONENTES V1 LV CJ H LT1 MAR"
="ELIMINADO"	=""	="1675495"	="ARRUELA PRES AISI304     M 6"	="144.000"	="CDA"	="5I3"	="80008117073"	="38443445"	="2"	="3/3/25"	=""	="CANC"	="ENCE CAPC ERRD NEXE"	="G-CSN-10-175-423-042"	="0.07"	="0.000"	=""	="X"	=""	="[TROCAR] COMPONENTES V1 LV CJ H LT1 MAR"
="ELIMINADO"	=""	="1789691"	="BUCHA BARDELLA CSNVAI2708 3009"	="24.000"	="CDA"	="5I3"	="80008117073"	="38443445"	="3"	="3/3/25"	=""	="CANC"	="ENCE CAPC ERRD NEXE"	="G-CSN-10-175-423-042"	="1,361.99"	="0.000"	=""	="X"	=""	="[TROCAR] COMPONENTES V1 LV CJ H LT1 MAR"
="ELIMINADO"	=""	="8014451"	="CHAVETA AS ST50 2K    36,0X20,0X100MM"	="36.000"	="CDA"	="5I3"	="80008117073"	="38443445"	="4"	="3/3/25"	=""	="CANC"	="ENCE CAPC ERRD NEXE"	="G-CSN-10-175-423-042"	="120.84"	="0.000"	=""	="X"	=""	="[TROCAR] COMPONENTES V1 LV CJ H LT1 MAR"
="ELIMINADO"	=""	="1779154"	="PARAFUSO CIL CL8.8    M 8X     16MM"	="264.000"	="CDA"	="5I3"	="80008117073"	="38443445"	="5"	="3/3/25"	=""	="CANC"	="ENCE CAPC ERRD NEXE"	="G-CSN-10-175-423-042"	="1.43"	="0.000"	=""	="X"	=""	="[TROCAR] COMPONENTES V1 LV CJ H LT1 MAR"
="ELIMINADO"	=""	="8015266"	="PARAFUSO SCAB CL8.8    M10X    10MM"	="36.000"	="CDA"	="5I3"	="80008117073"	="38443445"	="6"	="3/3/25"	=""	="CANC"	="ENCE CAPC ERRD NEXE"	="G-CSN-10-175-423-042"	="0.47"	="0.000"	=""	="X"	=""	="[TROCAR] COMPONENTES V1 LV CJ H LT1 MAR"
="ELIMINADO"	=""	="1631056"	="PARAFUSO SEXT AISI316    M10X     25MM"	="144.000"	="CDA"	="5I3"	="80008117073"	="38443445"	="7"	="3/3/25"	=""	="CANC"	="ENCE CAPC ERRD NEXE"	="G-CSN-10-175-423-042"	="3.33"	="0.000"	=""	="X"	=""	="[TROCAR] COMPONENTES V1 LV CJ H LT1 MAR"
="ELIMINADO"	=""	="1622641"	="RETENTOR NBR  190,00X  160,00X 14,00MM"	="96.000"	="CDA"	="5I3"	="80008117073"	="38443445"	="8"	="3/3/25"	=""	="CANC"	="ENCE CAPC ERRD NEXE"	="G-CSN-10-175-423-042"	="58.74"	="0.000"	=""	="X"	=""	="[TROCAR] COMPONENTES V1 LV CJ H LT1 MAR"
="ELIMINADO"	=""	="8001148"	="ANEL O VITON  140,00X  3,50MM"	="12.000"	="CDA"	="5I3"	="80008117075"	="38443449"	="1"	="3/3/25"	=""	="CANC"	="ENCE CAPC ERRD NEXE"	="G-CSN-10-175-423-043"	="16.64"	="0.000"	=""	="X"	=""	="[TROCAR] COMPONENTES V1 LV CJ H LT1 MAR"
="ELIMINADO"	=""	="1675495"	="ARRUELA PRES AISI304     M 6"	="144.000"	="CDA"	="5I3"	="80008117075"	="38443449"	="2"	="3/3/25"	=""	="CANC"	="ENCE CAPC ERRD NEXE"	="G-CSN-10-175-423-043"	="0.07"	="0.000"	=""	="X"	=""	="[TROCAR] COMPONENTES V1 LV CJ H LT1 MAR"
="ELIMINADO"	=""	="1789691"	="BUCHA BARDELLA CSNVAI2708 3009"	="24.000"	="CDA"	="5I3"	="80008117075"	="38443449"	="3"	="3/3/25"	=""	="CANC"	="ENCE CAPC ERRD NEXE"	="G-CSN-10-175-423-043"	="1,361.99"	="0.000"	=""	="X"	=""	="[TROCAR] COMPONENTES V1 LV CJ H LT1 MAR"
="ELIMINADO"	=""	="8014451"	="CHAVETA AS ST50 2K    36,0X20,0X100MM"	="36.000"	="CDA"	="5I3"	="80008117075"	="38443449"	="4"	="3/3/25"	=""	="CANC"	="ENCE CAPC ERRD NEXE"	="G-CSN-10-175-423-043"	="120.84"	="0.000"	=""	="X"	=""	="[TROCAR] COMPONENTES V1 LV CJ H LT1 MAR"
="ELIMINADO"	=""	="1779154"	="PARAFUSO CIL CL8.8    M 8X     16MM"	="264.000"	="CDA"	="5I3"	="80008117075"	="38443449"	="5"	="3/3/25"	=""	="CANC"	="ENCE CAPC ERRD NEXE"	="G-CSN-10-175-423-043"	="1.43"	="0.000"	=""	="X"	=""	="[TROCAR] COMPONENTES V1 LV CJ H LT1 MAR"
="ELIMINADO"	=""	="8015266"	="PARAFUSO SCAB CL8.8    M10X    10MM"	="36.000"	="CDA"	="5I3"	="80008117075"	="38443449"	="6"	="3/3/25"	=""	="CANC"	="ENCE CAPC ERRD NEXE"	="G-CSN-10-175-423-043"	="0.47"	="0.000"	=""	="X"	=""	="[TROCAR] COMPONENTES V1 LV CJ H LT1 MAR"
="ELIMINADO"	=""	="1631056"	="PARAFUSO SEXT AISI316    M10X     25MM"	="144.000"	="CDA"	="5I3"	="80008117075"	="38443449"	="7"	="3/3/25"	=""	="CANC"	="ENCE CAPC ERRD NEXE"	="G-CSN-10-175-423-043"	="3.33"	="0.000"	=""	="X"	=""	="[TROCAR] COMPONENTES V1 LV CJ H LT1 MAR"
="ELIMINADO"	=""	="1622641"	="RETENTOR NBR  190,00X  160,00X 14,00MM"	="96.000"	="CDA"	="5I3"	="80008117075"	="38443449"	="8"	="3/3/25"	=""	="CANC"	="ENCE CAPC ERRD NEXE"	="G-CSN-10-175-423-043"	="58.74"	="0.000"	=""	="X"	=""	="[TROCAR] COMPONENTES V1 LV CJ H LT1 MAR"
="ELIMINADO"	=""	="8001148"	="ANEL O VITON  140,00X  3,50MM"	="12.000"	="CDA"	="5I3"	="80008117078"	="38443452"	="1"	="4/3/25"	=""	="CANC"	="ENCE CAPC ERRD NEXE"	="G-CSN-10-175-423-044"	="16.64"	="0.000"	=""	="X"	=""	="[TROCAR] COMPONENTES V1 LV CJ H LT1 ABR"
="ELIMINADO"	=""	="1675495"	="ARRUELA PRES AISI304     M 6"	="144.000"	="CDA"	="5I3"	="80008117078"	="38443452"	="2"	="4/3/25"	=""	="CANC"	="ENCE CAPC ERRD NEXE"	="G-CSN-10-175-423-044"	="0.07"	="0.000"	=""	="X"	=""	="[TROCAR] COMPONENTES V1 LV CJ H LT1 ABR"
="ELIMINADO"	=""	="1789691"	="BUCHA BARDELLA CSNVAI2708 3009"	="24.000"	="CDA"	="5I3"	="80008117078"	="38443452"	="3"	="4/3/25"	=""	="CANC"	="ENCE CAPC ERRD NEXE"	="G-CSN-10-175-423-044"	="1,361.99"	="0.000"	=""	="X"	=""	="[TROCAR] COMPONENTES V1 LV CJ H LT1 ABR"
="ELIMINADO"	=""	="8014451"	="CHAVETA AS ST50 2K    36,0X20,0X100MM"	="36.000"	="CDA"	="5I3"	="80008117078"	="38443452"	="4"	="4/3/25"	=""	="CANC"	="ENCE CAPC ERRD NEXE"	="G-CSN-10-175-423-044"	="120.84"	="0.000"	=""	="X"	=""	="[TROCAR] COMPONENTES V1 LV CJ H LT1 ABR"
="ELIMINADO"	=""	="1779154"	="PARAFUSO CIL CL8.8    M 8X     16MM"	="264.000"	="CDA"	="5I3"	="80008117078"	="38443452"	="5"	="4/3/25"	=""	="CANC"	="ENCE CAPC ERRD NEXE"	="G-CSN-10-175-423-044"	="1.43"	="0.000"	=""	="X"	=""	="[TROCAR] COMPONENTES V1 LV CJ H LT1 ABR"
="ELIMINADO"	=""	="8015266"	="PARAFUSO SCAB CL8.8    M10X    10MM"	="36.000"	="CDA"	="5I3"	="80008117078"	="38443452"	="6"	="4/3/25"	=""	="CANC"	="ENCE CAPC ERRD NEXE"	="G-CSN-10-175-423-044"	="0.47"	="0.000"	=""	="X"	=""	="[TROCAR] COMPONENTES V1 LV CJ H LT1 ABR"
="ELIMINADO"	=""	="1631056"	="PARAFUSO SEXT AISI316    M10X     25MM"	="144.000"	="CDA"	="5I3"	="80008117078"	="38443452"	="7"	="4/3/25"	=""	="CANC"	="ENCE CAPC ERRD NEXE"	="G-CSN-10-175-423-044"	="3.33"	="0.000"	=""	="X"	=""	="[TROCAR] COMPONENTES V1 LV CJ H LT1 ABR"
="ELIMINADO"	=""	="1622641"	="RETENTOR NBR  190,00X  160,00X 14,00MM"	="96.000"	="CDA"	="5I3"	="80008117078"	="38443452"	="8"	="4/3/25"	=""	="CANC"	="ENCE CAPC ERRD NEXE"	="G-CSN-10-175-423-044"	="58.74"	="0.000"	=""	="X"	=""	="[TROCAR] COMPONENTES V1 LV CJ H LT1 ABR"
="ELIMINADO"	=""	="8001148"	="ANEL O VITON  140,00X  3,50MM"	="12.000"	="CDA"	="5I3"	="80008117080"	="38443457"	="1"	="4/3/25"	=""	="CANC"	="ENCE CAPC ERRD NEXE"	="G-CSN-10-175-423-045"	="16.64"	="0.000"	=""	="X"	=""	="[TROCAR] COMPONENTES V1 LV CJ H LT1 ABR"
="ELIMINADO"	=""	="1675495"	="ARRUELA PRES AISI304     M 6"	="144.000"	="CDA"	="5I3"	="80008117080"	="38443457"	="2"	="4/3/25"	=""	="CANC"	="ENCE CAPC ERRD NEXE"	="G-CSN-10-175-423-045"	="0.07"	="0.000"	=""	="X"	=""	="[TROCAR] COMPONENTES V1 LV CJ H LT1 ABR"
="ELIMINADO"	=""	="1789691"	="BUCHA BARDELLA CSNVAI2708 3009"	="24.000"	="CDA"	="5I3"	="80008117080"	="38443457"	="3"	="4/3/25"	=""	="CANC"	="ENCE CAPC ERRD NEXE"	="G-CSN-10-175-423-045"	="1,361.99"	="0.000"	=""	="X"	=""	="[TROCAR] COMPONENTES V1 LV CJ H LT1 ABR"
="ELIMINADO"	=""	="8014451"	="CHAVETA AS ST50 2K    36,0X20,0X100MM"	="36.000"	="CDA"	="5I3"	="80008117080"	="38443457"	="4"	="4/3/25"	=""	="CANC"	="ENCE CAPC ERRD NEXE"	="G-CSN-10-175-423-045"	="120.84"	="0.000"	=""	="X"	=""	="[TROCAR] COMPONENTES V1 LV CJ H LT1 ABR"
="ELIMINADO"	=""	="1779154"	="PARAFUSO CIL CL8.8    M 8X     16MM"	="264.000"	="CDA"	="5I3"	="80008117080"	="38443457"	="5"	="4/3/25"	=""	="CANC"	="ENCE CAPC ERRD NEXE"	="G-CSN-10-175-423-045"	="1.43"	="0.000"	=""	="X"	=""	="[TROCAR] COMPONENTES V1 LV CJ H LT1 ABR"
="ELIMINADO"	=""	="8015266"	="PARAFUSO SCAB CL8.8    M10X    10MM"	="36.000"	="CDA"	="5I3"	="80008117080"	="38443457"	="6"	="4/3/25"	=""	="CANC"	="ENCE CAPC ERRD NEXE"	="G-CSN-10-175-423-045"	="0.47"	="0.000"	=""	="X"	=""	="[TROCAR] COMPONENTES V1 LV CJ H LT1 ABR"
="ELIMINADO"	=""	="1631056"	="PARAFUSO SEXT AISI316    M10X     25MM"	="144.000"	="CDA"	="5I3"	="80008117080"	="38443457"	="7"	="4/3/25"	=""	="CANC"	="ENCE CAPC ERRD NEXE"	="G-CSN-10-175-423-045"	="3.33"	="0.000"	=""	="X"	=""	="[TROCAR] COMPONENTES V1 LV CJ H LT1 ABR"
="ELIMINADO"	=""	="1622641"	="RETENTOR NBR  190,00X  160,00X 14,00MM"	="96.000"	="CDA"	="5I3"	="80008117080"	="38443457"	="8"	="4/3/25"	=""	="CANC"	="ENCE CAPC ERRD NEXE"	="G-CSN-10-175-423-045"	="58.74"	="0.000"	=""	="X"	=""	="[TROCAR] COMPONENTES V1 LV CJ H LT1 ABR"
="ELIMINADO"	=""	="8001148"	="ANEL O VITON  140,00X  3,50MM"	="12.000"	="CDA"	="5I3"	="80008117081"	="38443558"	="1"	="5/3/25"	=""	="CANC"	="ENCE CAPC ERRD NEXE"	="G-CSN-10-175-423-046"	="16.64"	="0.000"	=""	="X"	=""	="[TROCAR] COMPONENTES V1 LV CJ H LT1 MAI"
="ELIMINADO"	=""	="1675495"	="ARRUELA PRES AISI304     M 6"	="144.000"	="CDA"	="5I3"	="80008117081"	="38443558"	="2"	="5/3/25"	=""	="CANC"	="ENCE CAPC ERRD NEXE"	="G-CSN-10-175-423-046"	="0.07"	="0.000"	=""	="X"	=""	="[TROCAR] COMPONENTES V1 LV CJ H LT1 MAI"
="ELIMINADO"	=""	="1789691"	="BUCHA BARDELLA CSNVAI2708 3009"	="24.000"	="CDA"	="5I3"	="80008117081"	="38443558"	="3"	="5/3/25"	=""	="CANC"	="ENCE CAPC ERRD NEXE"	="G-CSN-10-175-423-046"	="1,361.99"	="0.000"	=""	="X"	=""	="[TROCAR] COMPONENTES V1 LV CJ H LT1 MAI"
="ELIMINADO"	=""	="8014451"	="CHAVETA AS ST50 2K    36,0X20,0X100MM"	="36.000"	="CDA"	="5I3"	="80008117081"	="38443558"	="4"	="5/3/25"	=""	="CANC"	="ENCE CAPC ERRD NEXE"	="G-CSN-10-175-423-046"	="120.84"	="0.000"	=""	="X"	=""	="[TROCAR] COMPONENTES V1 LV CJ H LT1 MAI"
="ELIMINADO"	=""	="1779154"	="PARAFUSO CIL CL8.8    M 8X     16MM"	="264.000"	="CDA"	="5I3"	="80008117081"	="38443558"	="5"	="5/3/25"	=""	="CANC"	="ENCE CAPC ERRD NEXE"	="G-CSN-10-175-423-046"	="1.43"	="0.000"	=""	="X"	=""	="[TROCAR] COMPONENTES V1 LV CJ H LT1 MAI"
="ELIMINADO"	=""	="8015266"	="PARAFUSO SCAB CL8.8    M10X    10MM"	="36.000"	="CDA"	="5I3"	="80008117081"	="38443558"	="6"	="5/3/25"	=""	="CANC"	="ENCE CAPC ERRD NEXE"	="G-CSN-10-175-423-046"	="0.47"	="0.000"	=""	="X"	=""	="[TROCAR] COMPONENTES V1 LV CJ H LT1 MAI"
="ELIMINADO"	=""	="1631056"	="PARAFUSO SEXT AISI316    M10X     25MM"	="144.000"	="CDA"	="5I3"	="80008117081"	="38443558"	="7"	="5/3/25"	=""	="CANC"	="ENCE CAPC ERRD NEXE"	="G-CSN-10-175-423-046"	="3.33"	="0.000"	=""	="X"	=""	="[TROCAR] COMPONENTES V1 LV CJ H LT1 MAI"
="ELIMINADO"	=""	="1622641"	="RETENTOR NBR  190,00X  160,00X 14,00MM"	="96.000"	="CDA"	="5I3"	="80008117081"	="38443558"	="8"	="5/3/25"	=""	="CANC"	="ENCE CAPC ERRD NEXE"	="G-CSN-10-175-423-046"	="58.74"	="0.000"	=""	="X"	=""	="[TROCAR] COMPONENTES V1 LV CJ H LT1 MAI"
="ELIMINADO"	=""	="8001148"	="ANEL O VITON  140,00X  3,50MM"	="12.000"	="CDA"	="5I3"	="80008117082"	="38443560"	="1"	="5/3/25"	=""	="CANC"	="ENCE CAPC ERRD NEXE"	="G-CSN-10-175-423-047"	="16.64"	="0.000"	=""	="X"	=""	="[TROCAR] COMPONENTES V1 LV CJ H LT1 MAI"
="ELIMINADO"	=""	="1675495"	="ARRUELA PRES AISI304     M 6"	="144.000"	="CDA"	="5I3"	="80008117082"	="38443560"	="2"	="5/3/25"	=""	="CANC"	="ENCE CAPC ERRD NEXE"	="G-CSN-10-175-423-047"	="0.07"	="0.000"	=""	="X"	=""	="[TROCAR] COMPONENTES V1 LV CJ H LT1 MAI"
="ELIMINADO"	=""	="1789691"	="BUCHA BARDELLA CSNVAI2708 3009"	="24.000"	="CDA"	="5I3"	="80008117082"	="38443560"	="3"	="5/3/25"	=""	="CANC"	="ENCE CAPC ERRD NEXE"	="G-CSN-10-175-423-047"	="1,361.99"	="0.000"	=""	="X"	=""	="[TROCAR] COMPONENTES V1 LV CJ H LT1 MAI"
="ELIMINADO"	=""	="8014451"	="CHAVETA AS ST50 2K    36,0X20,0X100MM"	="36.000"	="CDA"	="5I3"	="80008117082"	="38443560"	="4"	="5/3/25"	=""	="CANC"	="ENCE CAPC ERRD NEXE"	="G-CSN-10-175-423-047"	="120.84"	="0.000"	=""	="X"	=""	="[TROCAR] COMPONENTES V1 LV CJ H LT1 MAI"
="ELIMINADO"	=""	="1779154"	="PARAFUSO CIL CL8.8    M 8X     16MM"	="264.000"	="CDA"	="5I3"	="80008117082"	="38443560"	="5"	="5/3/25"	=""	="CANC"	="ENCE CAPC ERRD NEXE"	="G-CSN-10-175-423-047"	="1.43"	="0.000"	=""	="X"	=""	="[TROCAR] COMPONENTES V1 LV CJ H LT1 MAI"
="ELIMINADO"	=""	="8015266"	="PARAFUSO SCAB CL8.8    M10X    10MM"	="36.000"	="CDA"	="5I3"	="80008117082"	="38443560"	="6"	="5/3/25"	=""	="CANC"	="ENCE CAPC ERRD NEXE"	="G-CSN-10-175-423-047"	="0.47"	="0.000"	=""	="X"	=""	="[TROCAR] COMPONENTES V1 LV CJ H LT1 MAI"
="ELIMINADO"	=""	="1631056"	="PARAFUSO SEXT AISI316    M10X     25MM"	="144.000"	="CDA"	="5I3"	="80008117082"	="38443560"	="7"	="5/3/25"	=""	="CANC"	="ENCE CAPC ERRD NEXE"	="G-CSN-10-175-423-047"	="3.33"	="0.000"	=""	="X"	=""	="[TROCAR] COMPONENTES V1 LV CJ H LT1 MAI"
="ELIMINADO"	=""	="1622641"	="RETENTOR NBR  190,00X  160,00X 14,00MM"	="96.000"	="CDA"	="5I3"	="80008117082"	="38443560"	="8"	="5/3/25"	=""	="CANC"	="ENCE CAPC ERRD NEXE"	="G-CSN-10-175-423-047"	="58.74"	="0.000"	=""	="X"	=""	="[TROCAR] COMPONENTES V1 LV CJ H LT1 MAI"
="ELIMINADO"	=""	="8001148"	="ANEL O VITON  140,00X  3,50MM"	="12.000"	="CDA"	="5I3"	="80008117105"	="38443561"	="1"	="6/3/25"	=""	="CANC"	="ENCE CAPC ERRD NEXE"	="G-CSN-10-175-423-048"	="16.64"	="0.000"	=""	="X"	=""	="[TROCAR] COMPONENTES V1 LV CJ H LT1 JUN"
="ELIMINADO"	=""	="1675495"	="ARRUELA PRES AISI304     M 6"	="144.000"	="CDA"	="5I3"	="80008117105"	="38443561"	="2"	="6/3/25"	=""	="CANC"	="ENCE CAPC ERRD NEXE"	="G-CSN-10-175-423-048"	="0.07"	="0.000"	=""	="X"	=""	="[TROCAR] COMPONENTES V1 LV CJ H LT1 JUN"
="ELIMINADO"	=""	="1789691"	="BUCHA BARDELLA CSNVAI2708 3009"	="24.000"	="CDA"	="5I3"	="80008117105"	="38443561"	="3"	="6/3/25"	=""	="CANC"	="ENCE CAPC ERRD NEXE"	="G-CSN-10-175-423-048"	="1,361.99"	="0.000"	=""	="X"	=""	="[TROCAR] COMPONENTES V1 LV CJ H LT1 JUN"
="ELIMINADO"	=""	="8014451"	="CHAVETA AS ST50 2K    36,0X20,0X100MM"	="36.000"	="CDA"	="5I3"	="80008117105"	="38443561"	="4"	="6/3/25"	=""	="CANC"	="ENCE CAPC ERRD NEXE"	="G-CSN-10-175-423-048"	="120.84"	="0.000"	=""	="X"	=""	="[TROCAR] COMPONENTES V1 LV CJ H LT1 JUN"
="ELIMINADO"	=""	="1779154"	="PARAFUSO CIL CL8.8    M 8X     16MM"	="264.000"	="CDA"	="5I3"	="80008117105"	="38443561"	="5"	="6/3/25"	=""	="CANC"	="ENCE CAPC ERRD NEXE"	="G-CSN-10-175-423-048"	="1.43"	="0.000"	=""	="X"	=""	="[TROCAR] COMPONENTES V1 LV CJ H LT1 JUN"
="ELIMINADO"	=""	="8015266"	="PARAFUSO SCAB CL8.8    M10X    10MM"	="36.000"	="CDA"	="5I3"	="80008117105"	="38443561"	="6"	="6/3/25"	=""	="CANC"	="ENCE CAPC ERRD NEXE"	="G-CSN-10-175-423-048"	="0.47"	="0.000"	=""	="X"	=""	="[TROCAR] COMPONENTES V1 LV CJ H LT1 JUN"
="ELIMINADO"	=""	="1631056"	="PARAFUSO SEXT AISI316    M10X     25MM"	="144.000"	="CDA"	="5I3"	="80008117105"	="38443561"	="7"	="6/3/25"	=""	="CANC"	="ENCE CAPC ERRD NEXE"	="G-CSN-10-175-423-048"	="3.33"	="0.000"	=""	="X"	=""	="[TROCAR] COMPONENTES V1 LV CJ H LT1 JUN"
="ELIMINADO"	=""	="1622641"	="RETENTOR NBR  190,00X  160,00X 14,00MM"	="96.000"	="CDA"	="5I3"	="80008117105"	="38443561"	="8"	="6/3/25"	=""	="CANC"	="ENCE CAPC ERRD NEXE"	="G-CSN-10-175-423-048"	="58.74"	="0.000"	=""	="X"	=""	="[TROCAR] COMPONENTES V1 LV CJ H LT1 JUN"
="ELIMINADO"	=""	="8001148"	="ANEL O VITON  140,00X  3,50MM"	="12.000"	="CDA"	="5I3"	="80008117106"	="38443562"	="1"	="6/3/25"	=""	="CANC"	="ENCE CAPC ERRD NEXE"	="G-CSN-10-175-423-049"	="16.64"	="0.000"	=""	="X"	=""	="[TROCAR] COMPONENTES V1 LV CJ H LT1 JUN"
="ELIMINADO"	=""	="1675495"	="ARRUELA PRES AISI304     M 6"	="144.000"	="CDA"	="5I3"	="80008117106"	="38443562"	="2"	="6/3/25"	=""	="CANC"	="ENCE CAPC ERRD NEXE"	="G-CSN-10-175-423-049"	="0.07"	="0.000"	=""	="X"	=""	="[TROCAR] COMPONENTES V1 LV CJ H LT1 JUN"
="ELIMINADO"	=""	="1789691"	="BUCHA BARDELLA CSNVAI2708 3009"	="24.000"	="CDA"	="5I3"	="80008117106"	="38443562"	="3"	="6/3/25"	=""	="CANC"	="ENCE CAPC ERRD NEXE"	="G-CSN-10-175-423-049"	="1,361.99"	="0.000"	=""	="X"	=""	="[TROCAR] COMPONENTES V1 LV CJ H LT1 JUN"
="ELIMINADO"	=""	="8014451"	="CHAVETA AS ST50 2K    36,0X20,0X100MM"	="36.000"	="CDA"	="5I3"	="80008117106"	="38443562"	="4"	="6/3/25"	=""	="CANC"	="ENCE CAPC ERRD NEXE"	="G-CSN-10-175-423-049"	="120.84"	="0.000"	=""	="X"	=""	="[TROCAR] COMPONENTES V1 LV CJ H LT1 JUN"
="ELIMINADO"	=""	="1779154"	="PARAFUSO CIL CL8.8    M 8X     16MM"	="264.000"	="CDA"	="5I3"	="80008117106"	="38443562"	="5"	="6/3/25"	=""	="CANC"	="ENCE CAPC ERRD NEXE"	="G-CSN-10-175-423-049"	="1.43"	="0.000"	=""	="X"	=""	="[TROCAR] COMPONENTES V1 LV CJ H LT1 JUN"
="ELIMINADO"	=""	="8015266"	="PARAFUSO SCAB CL8.8    M10X    10MM"	="36.000"	="CDA"	="5I3"	="80008117106"	="38443562"	="6"	="6/3/25"	=""	="CANC"	="ENCE CAPC ERRD NEXE"	="G-CSN-10-175-423-049"	="0.47"	="0.000"	=""	="X"	=""	="[TROCAR] COMPONENTES V1 LV CJ H LT1 JUN"
="ELIMINADO"	=""	="1631056"	="PARAFUSO SEXT AISI316    M10X     25MM"	="144.000"	="CDA"	="5I3"	="80008117106"	="38443562"	="7"	="6/3/25"	=""	="CANC"	="ENCE CAPC ERRD NEXE"	="G-CSN-10-175-423-049"	="3.33"	="0.000"	=""	="X"	=""	="[TROCAR] COMPONENTES V1 LV CJ H LT1 JUN"
="ELIMINADO"	=""	="1622641"	="RETENTOR NBR  190,00X  160,00X 14,00MM"	="96.000"	="CDA"	="5I3"	="80008117106"	="38443562"	="8"	="6/3/25"	=""	="CANC"	="ENCE CAPC ERRD NEXE"	="G-CSN-10-175-423-049"	="58.74"	="0.000"	=""	="X"	=""	="[TROCAR] COMPONENTES V1 LV CJ H LT1 JUN"
="ELIMINADO"	=""	="1789689"	="ANEL BARDELLA CSNVAI2717 1"	="192.000"	="CDA"	="5I3"	="80008117672"	="38446155"	="1"	="1/3/25"	=""	="CANC"	="ENCE CAPC ERRD NEXE"	="G-CSN-10-175-413-046"	="258.56"	="0.000"	=""	="X"	=""	="[TROCAR] COMPONENTES V1 LV CJ H LT2 JAN"
="ELIMINADO"	=""	="1789693"	="BUCHA BARDELLA CSNVAI2709 3011"	="12.000"	="CDA"	="5I3"	="80008117672"	="38446155"	="2"	="1/3/25"	=""	="CANC"	="ENCE CAPC ERRD NEXE"	="G-CSN-10-175-413-046"	="731.30"	="0.000"	=""	="X"	=""	="[TROCAR] COMPONENTES V1 LV CJ H LT2 JAN"
="ELIMINADO"	=""	="1789827"	="EIXO BARDELLA CSNVAI2701"	="6.000"	="CDA"	="5I3"	="80008117672"	="38446155"	="3"	="1/3/25"	=""	="CANC"	="ENCE CAPC ERRD NEXE"	="G-CSN-10-175-413-046"	="15,759.50"	="0.000"	=""	="X"	=""	="[TROCAR] COMPONENTES V1 LV CJ H LT2 JAN"
="ELIMINADO"	=""	="1789695"	="TAMPA BARDELLA CSNVAI2705"	="48.000"	="CDA"	="5I3"	="80008117672"	="38446155"	="4"	="1/3/25"	=""	="CANC"	="ENCE CAPC ERRD NEXE"	="G-CSN-10-175-413-046"	="907.57"	="0.000"	=""	="X"	=""	="[TROCAR] COMPONENTES V1 LV CJ H LT2 JAN"
="ELIMINADO"	=""	="1789696"	="TAMPA BARDELLA CSNVAI2706 3006"	="12.000"	="CDA"	="5I3"	="80008117672"	="38446155"	="5"	="1/3/25"	=""	="CANC"	="ENCE CAPC ERRD NEXE"	="G-CSN-10-175-413-046"	="857.00"	="0.000"	=""	="X"	=""	="[TROCAR] COMPONENTES V1 LV CJ H LT2 JAN"
="ELIMINADO"	=""	="1789689"	="ANEL BARDELLA CSNVAI2717 1"	="192.000"	="CDA"	="5I3"	="80008117674"	="38446237"	="1"	="1/3/25"	=""	="CANC"	="ENCE CAPC ERRD NEXE"	="G-CSN-10-175-413-047"	="258.56"	="0.000"	=""	="X"	=""	="[TROCAR] COMPONENTES V1 LV CJ H LT2 JAN"
="ELIMINADO"	=""	="1789693"	="BUCHA BARDELLA CSNVAI2709 3011"	="12.000"	="CDA"	="5I3"	="80008117674"	="38446237"	="2"	="1/3/25"	=""	="CANC"	="ENCE CAPC ERRD NEXE"	="G-CSN-10-175-413-047"	="731.30"	="0.000"	=""	="X"	=""	="[TROCAR] COMPONENTES V1 LV CJ H LT2 JAN"
="ELIMINADO"	=""	="1789827"	="EIXO BARDELLA CSNVAI2701"	="6.000"	="CDA"	="5I3"	="80008117674"	="38446237"	="3"	="1/3/25"	=""	="CANC"	="ENCE CAPC ERRD NEXE"	="G-CSN-10-175-413-047"	="15,759.50"	="0.000"	=""	="X"	=""	="[TROCAR] COMPONENTES V1 LV CJ H LT2 JAN"
="ELIMINADO"	=""	="1789695"	="TAMPA BARDELLA CSNVAI2705"	="48.000"	="CDA"	="5I3"	="80008117674"	="38446237"	="4"	="1/3/25"	=""	="CANC"	="ENCE CAPC ERRD NEXE"	="G-CSN-10-175-413-047"	="907.57"	="0.000"	=""	="X"	=""	="[TROCAR] COMPONENTES V1 LV CJ H LT2 JAN"
="ELIMINADO"	=""	="1789696"	="TAMPA BARDELLA CSNVAI2706 3006"	="12.000"	="CDA"	="5I3"	="80008117674"	="38446237"	="5"	="1/3/25"	=""	="CANC"	="ENCE CAPC ERRD NEXE"	="G-CSN-10-175-413-047"	="857.00"	="0.000"	=""	="X"	=""	="[TROCAR] COMPONENTES V1 LV CJ H LT2 JAN"
="ELIMINADO"	=""	="1789689"	="ANEL BARDELLA CSNVAI2717 1"	="192.000"	="CDA"	="5I3"	="80008117675"	="38446305"	="1"	="2/3/25"	=""	="CANC"	="ENCE CAPC ERRD NEXE"	="G-CSN-10-175-413-048"	="258.56"	="0.000"	=""	="X"	=""	="[TROCAR] COMPONENTES V1 LV CJ H LT2 FEV"
="ELIMINADO"	=""	="1789693"	="BUCHA BARDELLA CSNVAI2709 3011"	="12.000"	="CDA"	="5I3"	="80008117675"	="38446305"	="2"	="2/3/25"	=""	="CANC"	="ENCE CAPC ERRD NEXE"	="G-CSN-10-175-413-048"	="731.30"	="0.000"	=""	="X"	=""	="[TROCAR] COMPONENTES V1 LV CJ H LT2 FEV"
="ELIMINADO"	=""	="1789827"	="EIXO BARDELLA CSNVAI2701"	="6.000"	="CDA"	="5I3"	="80008117675"	="38446305"	="3"	="2/3/25"	=""	="CANC"	="ENCE CAPC ERRD NEXE"	="G-CSN-10-175-413-048"	="15,759.50"	="0.000"	=""	="X"	=""	="[TROCAR] COMPONENTES V1 LV CJ H LT2 FEV"
="ELIMINADO"	=""	="1789695"	="TAMPA BARDELLA CSNVAI2705"	="48.000"	="CDA"	="5I3"	="80008117675"	="38446305"	="4"	="2/3/25"	=""	="CANC"	="ENCE CAPC ERRD NEXE"	="G-CSN-10-175-413-048"	="907.57"	="0.000"	=""	="X"	=""	="[TROCAR] COMPONENTES V1 LV CJ H LT2 FEV"
="ELIMINADO"	=""	="1789696"	="TAMPA BARDELLA CSNVAI2706 3006"	="12.000"	="CDA"	="5I3"	="80008117675"	="38446305"	="5"	="2/3/25"	=""	="CANC"	="ENCE CAPC ERRD NEXE"	="G-CSN-10-175-413-048"	="857.00"	="0.000"	=""	="X"	=""	="[TROCAR] COMPONENTES V1 LV CJ H LT2 FEV"
="ELIMINADO"	=""	="1789689"	="ANEL BARDELLA CSNVAI2717 1"	="192.000"	="CDA"	="5I3"	="80008117679"	="38446315"	="1"	="2/3/25"	=""	="CANC"	="ENCE CAPC ERRD NEXE"	="G-CSN-10-175-413-049"	="258.56"	="0.000"	=""	="X"	=""	="[TROCAR] COMPONENTES V1 LV CJ H LT2 FEV"
="ELIMINADO"	=""	="1789693"	="BUCHA BARDELLA CSNVAI2709 3011"	="12.000"	="CDA"	="5I3"	="80008117679"	="38446315"	="2"	="2/3/25"	=""	="CANC"	="ENCE CAPC ERRD NEXE"	="G-CSN-10-175-413-049"	="731.30"	="0.000"	=""	="X"	=""	="[TROCAR] COMPONENTES V1 LV CJ H LT2 FEV"
="ELIMINADO"	=""	="1789827"	="EIXO BARDELLA CSNVAI2701"	="6.000"	="CDA"	="5I3"	="80008117679"	="38446315"	="3"	="2/3/25"	=""	="CANC"	="ENCE CAPC ERRD NEXE"	="G-CSN-10-175-413-049"	="15,759.50"	="0.000"	=""	="X"	=""	="[TROCAR] COMPONENTES V1 LV CJ H LT2 FEV"
="ELIMINADO"	=""	="1789695"	="TAMPA BARDELLA CSNVAI2705"	="48.000"	="CDA"	="5I3"	="80008117679"	="38446315"	="4"	="2/3/25"	=""	="CANC"	="ENCE CAPC ERRD NEXE"	="G-CSN-10-175-413-049"	="907.57"	="0.000"	=""	="X"	=""	="[TROCAR] COMPONENTES V1 LV CJ H LT2 FEV"
="ELIMINADO"	=""	="1789696"	="TAMPA BARDELLA CSNVAI2706 3006"	="12.000"	="CDA"	="5I3"	="80008117679"	="38446315"	="5"	="2/3/25"	=""	="CANC"	="ENCE CAPC ERRD NEXE"	="G-CSN-10-175-413-049"	="857.00"	="0.000"	=""	="X"	=""	="[TROCAR] COMPONENTES V1 LV CJ H LT2 FEV"
="ELIMINADO"	=""	="1789689"	="ANEL BARDELLA CSNVAI2717 1"	="192.000"	="CDA"	="5I3"	="80008117681"	="38446343"	="1"	="3/3/25"	=""	="CANC"	="ENCE CAPC ERRD NEXE"	="G-CSN-10-175-413-050"	="258.56"	="0.000"	=""	="X"	=""	="[TROCAR] COMPONENTES V1 LV CJ H LT2 MAR"
="ELIMINADO"	=""	="1789693"	="BUCHA BARDELLA CSNVAI2709 3011"	="12.000"	="CDA"	="5I3"	="80008117681"	="38446343"	="2"	="3/3/25"	=""	="CANC"	="ENCE CAPC ERRD NEXE"	="G-CSN-10-175-413-050"	="731.30"	="0.000"	=""	="X"	=""	="[TROCAR] COMPONENTES V1 LV CJ H LT2 MAR"
="ELIMINADO"	=""	="1789827"	="EIXO BARDELLA CSNVAI2701"	="6.000"	="CDA"	="5I3"	="80008117681"	="38446343"	="3"	="3/3/25"	=""	="CANC"	="ENCE CAPC ERRD NEXE"	="G-CSN-10-175-413-050"	="15,759.50"	="0.000"	=""	="X"	=""	="[TROCAR] COMPONENTES V1 LV CJ H LT2 MAR"
="ELIMINADO"	=""	="1789695"	="TAMPA BARDELLA CSNVAI2705"	="48.000"	="CDA"	="5I3"	="80008117681"	="38446343"	="4"	="3/3/25"	=""	="CANC"	="ENCE CAPC ERRD NEXE"	="G-CSN-10-175-413-050"	="907.57"	="0.000"	=""	="X"	=""	="[TROCAR] COMPONENTES V1 LV CJ H LT2 MAR"
="ELIMINADO"	=""	="1789696"	="TAMPA BARDELLA CSNVAI2706 3006"	="12.000"	="CDA"	="5I3"	="80008117681"	="38446343"	="5"	="3/3/25"	=""	="CANC"	="ENCE CAPC ERRD NEXE"	="G-CSN-10-175-413-050"	="857.00"	="0.000"	=""	="X"	=""	="[TROCAR] COMPONENTES V1 LV CJ H LT2 MAR"
="ELIMINADO"	=""	="1789689"	="ANEL BARDELLA CSNVAI2717 1"	="192.000"	="CDA"	="5I3"	="80008117684"	="38446346"	="1"	="3/3/25"	=""	="CANC"	="ENCE CAPC ERRD NEXE"	="G-CSN-10-176-400-414"	="258.56"	="0.000"	=""	="X"	=""	="[TROCAR] COMPONENTES V1 LV CJ H LT2 MAR"
="ELIMINADO"	=""	="1789693"	="BUCHA BARDELLA CSNVAI2709 3011"	="12.000"	="CDA"	="5I3"	="80008117684"	="38446346"	="2"	="3/3/25"	=""	="CANC"	="ENCE CAPC ERRD NEXE"	="G-CSN-10-176-400-414"	="731.30"	="0.000"	=""	="X"	=""	="[TROCAR] COMPONENTES V1 LV CJ H LT2 MAR"
="ELIMINADO"	=""	="1789827"	="EIXO BARDELLA CSNVAI2701"	="6.000"	="CDA"	="5I3"	="80008117684"	="38446346"	="3"	="3/3/25"	=""	="CANC"	="ENCE CAPC ERRD NEXE"	="G-CSN-10-176-400-414"	="15,759.50"	="0.000"	=""	="X"	=""	="[TROCAR] COMPONENTES V1 LV CJ H LT2 MAR"
="ELIMINADO"	=""	="1789695"	="TAMPA BARDELLA CSNVAI2705"	="48.000"	="CDA"	="5I3"	="80008117684"	="38446346"	="4"	="3/3/25"	=""	="CANC"	="ENCE CAPC ERRD NEXE"	="G-CSN-10-176-400-414"	="907.57"	="0.000"	=""	="X"	=""	="[TROCAR] COMPONENTES V1 LV CJ H LT2 MAR"
="ELIMINADO"	=""	="1789696"	="TAMPA BARDELLA CSNVAI2706 3006"	="12.000"	="CDA"	="5I3"	="80008117684"	="38446346"	="5"	="3/3/25"	=""	="CANC"	="ENCE CAPC ERRD NEXE"	="G-CSN-10-176-400-414"	="857.00"	="0.000"	=""	="X"	=""	="[TROCAR] COMPONENTES V1 LV CJ H LT2 MAR"
="ELIMINADO"	=""	="1789689"	="ANEL BARDELLA CSNVAI2717 1"	="192.000"	="CDA"	="5I3"	="80008117746"	="38446350"	="1"	="4/3/25"	=""	="CANC"	="ENCE CAPC ERRD NEXE"	="G-CSN-10-176-400-415"	="258.56"	="0.000"	=""	="X"	=""	="[TROCAR] COMPONENTES V1 LV CJ H LT2 ABR"
="ELIMINADO"	=""	="1789693"	="BUCHA BARDELLA CSNVAI2709 3011"	="12.000"	="CDA"	="5I3"	="80008117746"	="38446350"	="2"	="4/3/25"	=""	="CANC"	="ENCE CAPC ERRD NEXE"	="G-CSN-10-176-400-415"	="731.30"	="0.000"	=""	="X"	=""	="[TROCAR] COMPONENTES V1 LV CJ H LT2 ABR"
="ELIMINADO"	=""	="1789827"	="EIXO BARDELLA CSNVAI2701"	="6.000"	="CDA"	="5I3"	="80008117746"	="38446350"	="3"	="4/3/25"	=""	="CANC"	="ENCE CAPC ERRD NEXE"	="G-CSN-10-176-400-415"	="15,759.50"	="0.000"	=""	="X"	=""	="[TROCAR] COMPONENTES V1 LV CJ H LT2 ABR"
="ELIMINADO"	=""	="1789695"	="TAMPA BARDELLA CSNVAI2705"	="48.000"	="CDA"	="5I3"	="80008117746"	="38446350"	="4"	="4/3/25"	=""	="CANC"	="ENCE CAPC ERRD NEXE"	="G-CSN-10-176-400-415"	="907.57"	="0.000"	=""	="X"	=""	="[TROCAR] COMPONENTES V1 LV CJ H LT2 ABR"
="ELIMINADO"	=""	="1789696"	="TAMPA BARDELLA CSNVAI2706 3006"	="12.000"	="CDA"	="5I3"	="80008117746"	="38446350"	="5"	="4/3/25"	=""	="CANC"	="ENCE CAPC ERRD NEXE"	="G-CSN-10-176-400-415"	="857.00"	="0.000"	=""	="X"	=""	="[TROCAR] COMPONENTES V1 LV CJ H LT2 ABR"
="ELIMINADO"	=""	="1789689"	="ANEL BARDELLA CSNVAI2717 1"	="192.000"	="CDA"	="5I3"	="80008117747"	="38446619"	="1"	="4/3/25"	=""	="CANC"	="ENCE CAPC ERRD NEXE"	="G-CSN-10-175-423-030"	="258.56"	="0.000"	=""	="X"	=""	="[TROCAR] COMPONENTES V1 LV CJ H LT2 ABR"
="ELIMINADO"	=""	="1789693"	="BUCHA BARDELLA CSNVAI2709 3011"	="12.000"	="CDA"	="5I3"	="80008117747"	="38446619"	="2"	="4/3/25"	=""	="CANC"	="ENCE CAPC ERRD NEXE"	="G-CSN-10-175-423-030"	="731.30"	="0.000"	=""	="X"	=""	="[TROCAR] COMPONENTES V1 LV CJ H LT2 ABR"
="ELIMINADO"	=""	="1789827"	="EIXO BARDELLA CSNVAI2701"	="6.000"	="CDA"	="5I3"	="80008117747"	="38446619"	="3"	="4/3/25"	=""	="CANC"	="ENCE CAPC ERRD NEXE"	="G-CSN-10-175-423-030"	="15,759.50"	="0.000"	=""	="X"	=""	="[TROCAR] COMPONENTES V1 LV CJ H LT2 ABR"
="ELIMINADO"	=""	="1789695"	="TAMPA BARDELLA CSNVAI2705"	="48.000"	="CDA"	="5I3"	="80008117747"	="38446619"	="4"	="4/3/25"	=""	="CANC"	="ENCE CAPC ERRD NEXE"	="G-CSN-10-175-423-030"	="907.57"	="0.000"	=""	="X"	=""	="[TROCAR] COMPONENTES V1 LV CJ H LT2 ABR"
="ELIMINADO"	=""	="1789696"	="TAMPA BARDELLA CSNVAI2706 3006"	="12.000"	="CDA"	="5I3"	="80008117747"	="38446619"	="5"	="4/3/25"	=""	="CANC"	="ENCE CAPC ERRD NEXE"	="G-CSN-10-175-423-030"	="857.00"	="0.000"	=""	="X"	=""	="[TROCAR] COMPONENTES V1 LV CJ H LT2 ABR"
="ELIMINADO"	=""	="1789689"	="ANEL BARDELLA CSNVAI2717 1"	="192.000"	="CDA"	="5I3"	="80008117749"	="38446623"	="1"	="5/3/25"	=""	="CANC"	="ENCE CAPC ERRD NEXE"	="G-CSN-10-175-423-032"	="258.56"	="0.000"	=""	="X"	=""	="[TROCAR] COMPONENTES V1 LV CJ H LT2 MAI"
="ELIMINADO"	=""	="1789693"	="BUCHA BARDELLA CSNVAI2709 3011"	="12.000"	="CDA"	="5I3"	="80008117749"	="38446623"	="2"	="5/3/25"	=""	="CANC"	="ENCE CAPC ERRD NEXE"	="G-CSN-10-175-423-032"	="731.30"	="0.000"	=""	="X"	=""	="[TROCAR] COMPONENTES V1 LV CJ H LT2 MAI"
="ELIMINADO"	=""	="1789827"	="EIXO BARDELLA CSNVAI2701"	="6.000"	="CDA"	="5I3"	="80008117749"	="38446623"	="3"	="5/3/25"	=""	="CANC"	="ENCE CAPC ERRD NEXE"	="G-CSN-10-175-423-032"	="15,759.50"	="0.000"	=""	="X"	=""	="[TROCAR] COMPONENTES V1 LV CJ H LT2 MAI"
="ELIMINADO"	=""	="1789695"	="TAMPA BARDELLA CSNVAI2705"	="48.000"	="CDA"	="5I3"	="80008117749"	="38446623"	="4"	="5/3/25"	=""	="CANC"	="ENCE CAPC ERRD NEXE"	="G-CSN-10-175-423-032"	="907.57"	="0.000"	=""	="X"	=""	="[TROCAR] COMPONENTES V1 LV CJ H LT2 MAI"
="ELIMINADO"	=""	="1789696"	="TAMPA BARDELLA CSNVAI2706 3006"	="12.000"	="CDA"	="5I3"	="80008117749"	="38446623"	="5"	="5/3/25"	=""	="CANC"	="ENCE CAPC ERRD NEXE"	="G-CSN-10-175-423-032"	="857.00"	="0.000"	=""	="X"	=""	="[TROCAR] COMPONENTES V1 LV CJ H LT2 MAI"
="ELIMINADO"	=""	="1789689"	="ANEL BARDELLA CSNVAI2717 1"	="192.000"	="CDA"	="5I3"	="80008117752"	="38446626"	="1"	="5/3/25"	=""	="CANC"	="ENCE CAPC ERRD NEXE"	="G-CSN-10-175-423-041"	="258.56"	="0.000"	=""	="X"	=""	="[TROCAR] COMPONENTES V1 LV CJ H LT2 MAI"
="ELIMINADO"	=""	="1789693"	="BUCHA BARDELLA CSNVAI2709 3011"	="12.000"	="CDA"	="5I3"	="80008117752"	="38446626"	="2"	="5/3/25"	=""	="CANC"	="ENCE CAPC ERRD NEXE"	="G-CSN-10-175-423-041"	="731.30"	="0.000"	=""	="X"	=""	="[TROCAR] COMPONENTES V1 LV CJ H LT2 MAI"
="ELIMINADO"	=""	="1789827"	="EIXO BARDELLA CSNVAI2701"	="6.000"	="CDA"	="5I3"	="80008117752"	="38446626"	="3"	="5/3/25"	=""	="CANC"	="ENCE CAPC ERRD NEXE"	="G-CSN-10-175-423-041"	="15,759.50"	="0.000"	=""	="X"	=""	="[TROCAR] COMPONENTES V1 LV CJ H LT2 MAI"
="ELIMINADO"	=""	="1789695"	="TAMPA BARDELLA CSNVAI2705"	="48.000"	="CDA"	="5I3"	="80008117752"	="38446626"	="4"	="5/3/25"	=""	="CANC"	="ENCE CAPC ERRD NEXE"	="G-CSN-10-175-423-041"	="907.57"	="0.000"	=""	="X"	=""	="[TROCAR] COMPONENTES V1 LV CJ H LT2 MAI"
="ELIMINADO"	=""	="1789696"	="TAMPA BARDELLA CSNVAI2706 3006"	="12.000"	="CDA"	="5I3"	="80008117752"	="38446626"	="5"	="5/3/25"	=""	="CANC"	="ENCE CAPC ERRD NEXE"	="G-CSN-10-175-423-041"	="857.00"	="0.000"	=""	="X"	=""	="[TROCAR] COMPONENTES V1 LV CJ H LT2 MAI"
="ELIMINADO"	=""	="1789689"	="ANEL BARDELLA CSNVAI2717 1"	="192.000"	="CDA"	="5I3"	="80008117754"	="38446632"	="1"	="6/3/25"	=""	="CANC"	="ENCE CAPC ERRD NEXE"	="G-CSN-10-175-423-042"	="258.56"	="0.000"	=""	="X"	=""	="[TROCAR] COMPONENTES V1 LV CJ H LT2 JUN"
="ELIMINADO"	=""	="1789693"	="BUCHA BARDELLA CSNVAI2709 3011"	="12.000"	="CDA"	="5I3"	="80008117754"	="38446632"	="2"	="6/3/25"	=""	="CANC"	="ENCE CAPC ERRD NEXE"	="G-CSN-10-175-423-042"	="731.30"	="0.000"	=""	="X"	=""	="[TROCAR] COMPONENTES V1 LV CJ H LT2 JUN"
="ELIMINADO"	=""	="1789827"	="EIXO BARDELLA CSNVAI2701"	="6.000"	="CDA"	="5I3"	="80008117754"	="38446632"	="3"	="6/3/25"	=""	="CANC"	="ENCE CAPC ERRD NEXE"	="G-CSN-10-175-423-042"	="15,759.50"	="0.000"	=""	="X"	=""	="[TROCAR] COMPONENTES V1 LV CJ H LT2 JUN"
="ELIMINADO"	=""	="1789695"	="TAMPA BARDELLA CSNVAI2705"	="48.000"	="CDA"	="5I3"	="80008117754"	="38446632"	="4"	="6/3/25"	=""	="CANC"	="ENCE CAPC ERRD NEXE"	="G-CSN-10-175-423-042"	="907.57"	="0.000"	=""	="X"	=""	="[TROCAR] COMPONENTES V1 LV CJ H LT2 JUN"
="ELIMINADO"	=""	="1789696"	="TAMPA BARDELLA CSNVAI2706 3006"	="12.000"	="CDA"	="5I3"	="80008117754"	="38446632"	="5"	="6/3/25"	=""	="CANC"	="ENCE CAPC ERRD NEXE"	="G-CSN-10-175-423-042"	="857.00"	="0.000"	=""	="X"	=""	="[TROCAR] COMPONENTES V1 LV CJ H LT2 JUN"
="ELIMINADO"	=""	="1789689"	="ANEL BARDELLA CSNVAI2717 1"	="192.000"	="CDA"	="5I3"	="80008117757"	="38446636"	="1"	="6/3/25"	=""	="CANC"	="ENCE CAPC ERRD NEXE"	="G-CSN-10-175-423-043"	="258.56"	="0.000"	=""	="X"	=""	="[TROCAR] COMPONENTES V1 LV CJ H LT2 JUN"
="ELIMINADO"	=""	="1789693"	="BUCHA BARDELLA CSNVAI2709 3011"	="12.000"	="CDA"	="5I3"	="80008117757"	="38446636"	="2"	="6/3/25"	=""	="CANC"	="ENCE CAPC ERRD NEXE"	="G-CSN-10-175-423-043"	="731.30"	="0.000"	=""	="X"	=""	="[TROCAR] COMPONENTES V1 LV CJ H LT2 JUN"
="ELIMINADO"	=""	="1789827"	="EIXO BARDELLA CSNVAI2701"	="6.000"	="CDA"	="5I3"	="80008117757"	="38446636"	="3"	="6/3/25"	=""	="CANC"	="ENCE CAPC ERRD NEXE"	="G-CSN-10-175-423-043"	="15,759.50"	="0.000"	=""	="X"	=""	="[TROCAR] COMPONENTES V1 LV CJ H LT2 JUN"
="ELIMINADO"	=""	="1789695"	="TAMPA BARDELLA CSNVAI2705"	="48.000"	="CDA"	="5I3"	="80008117757"	="38446636"	="4"	="6/3/25"	=""	="CANC"	="ENCE CAPC ERRD NEXE"	="G-CSN-10-175-423-043"	="907.57"	="0.000"	=""	="X"	=""	="[TROCAR] COMPONENTES V1 LV CJ H LT2 JUN"
="ELIMINADO"	=""	="1789696"	="TAMPA BARDELLA CSNVAI2706 3006"	="12.000"	="CDA"	="5I3"	="80008117757"	="38446636"	="5"	="6/3/25"	=""	="CANC"	="ENCE CAPC ERRD NEXE"	="G-CSN-10-175-423-043"	="857.00"	="0.000"	=""	="X"	=""	="[TROCAR] COMPONENTES V1 LV CJ H LT2 JUN"
="ELIMINADO"	=""	="8001183"	="ANEL O VITON   14,00X  4,00MM"	="32.000"	="CDA"	="5I3"	="80008157843"	="38498123"	="1"	="1/3/25"	=""	="CANC"	="ENCE CAPC ERRD NEXE"	="G-CSN-10-175-413-030"	="4.83"	="0.000"	=""	="X"	=""	="[TROCAR] COMPONENTES PD AC CJ H LT1 JAN"
="ELIMINADO"	=""	="1789697"	="MANCAL BARDELLA CSNVAI2713 3041, 3042"	="4.000"	="CDA"	="5I3"	="80008157843"	="38498123"	="2"	="1/3/25"	=""	="CANC"	="ENCE CAPC ERRD NEXE"	="G-CSN-10-175-413-030"	="3,877.93"	="0.000"	=""	="X"	=""	="[TROCAR] COMPONENTES PD AC CJ H LT1 JAN"
="ELIMINADO"	=""	="1789698"	="MANCAL BARDELLA CSNVAI2714 3046, 3047"	="4.000"	="CDA"	="5I3"	="80008157843"	="38498123"	="3"	="1/3/25"	=""	="CANC"	="ENCE CAPC ERRD NEXE"	="G-CSN-10-175-413-030"	="4,540.27"	="0.000"	=""	="X"	=""	="[TROCAR] COMPONENTES PD AC CJ H LT1 JAN"
="ELIMINADO"	=""	="8095014"	="PARAFUSO CIL AISI304    M12X     25MM"	="4.000"	="CDA"	="5I3"	="80008157843"	="38498123"	="4"	="1/3/25"	=""	="CANC"	="ENCE CAPC ERRD NEXE"	="G-CSN-10-175-413-030"	="4.17"	="0.000"	=""	="X"	=""	="[TROCAR] COMPONENTES PD AC CJ H LT1 JAN"
="ELIMINADO"	=""	="8003154"	="PARAFUSO SEXT AISI410    M 6X     18MM"	="24.000"	="CDA"	="5I3"	="80008157843"	="38498123"	="5"	="1/3/25"	=""	="CANC"	="ENCE CAPC ERRD NEXE"	="G-CSN-10-175-413-030"	="0.51"	="0.000"	=""	="X"	=""	="[TROCAR] COMPONENTES PD AC CJ H LT1 JAN"
="ELIMINADO"	=""	="1779091"	="ROLAMENTO AUT ROLO  140,00X  210,00MM"	="4.000"	="CDA"	="5I3"	="80008157843"	="38498123"	="6"	="1/3/25"	=""	="CANC"	="ENCE CAPC ERRD NEXE"	="G-CSN-10-175-413-030"	="1,777.92"	="0.000"	=""	="X"	=""	="[TROCAR] COMPONENTES PD AC CJ H LT1 JAN"
="ELIMINADO"	=""	="8001183"	="ANEL O VITON   14,00X  4,00MM"	="32.000"	="CDA"	="5I3"	="80008157844"	="38498124"	="1"	="1/3/25"	=""	="CANC"	="ENCE CAPC ERRD NEXE"	="G-CSN-10-175-413-032"	="4.83"	="0.000"	=""	="X"	=""	="[TROCAR] COMPONENTES PD AC CJ H LT1 JAN"
="ELIMINADO"	=""	="1789697"	="MANCAL BARDELLA CSNVAI2713 3041, 3042"	="4.000"	="CDA"	="5I3"	="80008157844"	="38498124"	="2"	="1/3/25"	=""	="CANC"	="ENCE CAPC ERRD NEXE"	="G-CSN-10-175-413-032"	="3,877.93"	="0.000"	=""	="X"	=""	="[TROCAR] COMPONENTES PD AC CJ H LT1 JAN"
="ELIMINADO"	=""	="1789698"	="MANCAL BARDELLA CSNVAI2714 3046, 3047"	="4.000"	="CDA"	="5I3"	="80008157844"	="38498124"	="3"	="1/3/25"	=""	="CANC"	="ENCE CAPC ERRD NEXE"	="G-CSN-10-175-413-032"	="4,540.27"	="0.000"	=""	="X"	=""	="[TROCAR] COMPONENTES PD AC CJ H LT1 JAN"
="ELIMINADO"	=""	="8095014"	="PARAFUSO CIL AISI304    M12X     25MM"	="4.000"	="CDA"	="5I3"	="80008157844"	="38498124"	="4"	="1/3/25"	=""	="CANC"	="ENCE CAPC ERRD NEXE"	="G-CSN-10-175-413-032"	="4.17"	="0.000"	=""	="X"	=""	="[TROCAR] COMPONENTES PD AC CJ H LT1 JAN"
="ELIMINADO"	=""	="8003154"	="PARAFUSO SEXT AISI410    M 6X     18MM"	="24.000"	="CDA"	="5I3"	="80008157844"	="38498124"	="5"	="1/3/25"	=""	="CANC"	="ENCE CAPC ERRD NEXE"	="G-CSN-10-175-413-032"	="0.51"	="0.000"	=""	="X"	=""	="[TROCAR] COMPONENTES PD AC CJ H LT1 JAN"
="ELIMINADO"	=""	="1779091"	="ROLAMENTO AUT ROLO  140,00X  210,00MM"	="4.000"	="CDA"	="5I3"	="80008157844"	="38498124"	="6"	="1/3/25"	=""	="CANC"	="ENCE CAPC ERRD NEXE"	="G-CSN-10-175-413-032"	="1,777.92"	="0.000"	=""	="X"	=""	="[TROCAR] COMPONENTES PD AC CJ H LT1 JAN"
="ELIMINADO"	=""	="8001183"	="ANEL O VITON   14,00X  4,00MM"	="32.000"	="CDA"	="5I3"	="80008157926"	="38498127"	="1"	="2/3/25"	=""	="CANC"	="ENCE CAPC ERRD NEXE"	="G-CSN-10-175-413-041"	="4.83"	="0.000"	=""	="X"	=""	="[TROCAR] COMPONENTES PD AC CJ H LT1 FEV"
="ELIMINADO"	=""	="1789697"	="MANCAL BARDELLA CSNVAI2713 3041, 3042"	="4.000"	="CDA"	="5I3"	="80008157926"	="38498127"	="2"	="2/3/25"	=""	="CANC"	="ENCE CAPC ERRD NEXE"	="G-CSN-10-175-413-041"	="3,877.93"	="0.000"	=""	="X"	=""	="[TROCAR] COMPONENTES PD AC CJ H LT1 FEV"
="ELIMINADO"	=""	="1789698"	="MANCAL BARDELLA CSNVAI2714 3046, 3047"	="4.000"	="CDA"	="5I3"	="80008157926"	="38498127"	="3"	="2/3/25"	=""	="CANC"	="ENCE CAPC ERRD NEXE"	="G-CSN-10-175-413-041"	="4,540.27"	="0.000"	=""	="X"	=""	="[TROCAR] COMPONENTES PD AC CJ H LT1 FEV"
="ELIMINADO"	=""	="8095014"	="PARAFUSO CIL AISI304    M12X     25MM"	="4.000"	="CDA"	="5I3"	="80008157926"	="38498127"	="4"	="2/3/25"	=""	="CANC"	="ENCE CAPC ERRD NEXE"	="G-CSN-10-175-413-041"	="4.17"	="0.000"	=""	="X"	=""	="[TROCAR] COMPONENTES PD AC CJ H LT1 FEV"
="ELIMINADO"	=""	="8003154"	="PARAFUSO SEXT AISI410    M 6X     18MM"	="24.000"	="CDA"	="5I3"	="80008157926"	="38498127"	="5"	="2/3/25"	=""	="CANC"	="ENCE CAPC ERRD NEXE"	="G-CSN-10-175-413-041"	="0.51"	="0.000"	=""	="X"	=""	="[TROCAR] COMPONENTES PD AC CJ H LT1 FEV"
="ELIMINADO"	=""	="1779091"	="ROLAMENTO AUT ROLO  140,00X  210,00MM"	="4.000"	="CDA"	="5I3"	="80008157926"	="38498127"	="6"	="2/3/25"	=""	="CANC"	="ENCE CAPC ERRD NEXE"	="G-CSN-10-175-413-041"	="1,777.92"	="0.000"	=""	="X"	=""	="[TROCAR] COMPONENTES PD AC CJ H LT1 FEV"
="ELIMINADO"	=""	="8001183"	="ANEL O VITON   14,00X  4,00MM"	="32.000"	="CDA"	="5I3"	="80008157928"	="38498128"	="1"	="2/3/25"	=""	="CANC"	="ENCE CAPC ERRD NEXE"	="G-CSN-10-175-413-042"	="4.83"	="0.000"	=""	="X"	=""	="[TROCAR] COMPONENTES PD AC CJ H LT1 FEV"
="ELIMINADO"	=""	="1789697"	="MANCAL BARDELLA CSNVAI2713 3041, 3042"	="4.000"	="CDA"	="5I3"	="80008157928"	="38498128"	="2"	="2/3/25"	=""	="CANC"	="ENCE CAPC ERRD NEXE"	="G-CSN-10-175-413-042"	="3,877.93"	="0.000"	=""	="X"	=""	="[TROCAR] COMPONENTES PD AC CJ H LT1 FEV"
="ELIMINADO"	=""	="1789698"	="MANCAL BARDELLA CSNVAI2714 3046, 3047"	="4.000"	="CDA"	="5I3"	="80008157928"	="38498128"	="3"	="2/3/25"	=""	="CANC"	="ENCE CAPC ERRD NEXE"	="G-CSN-10-175-413-042"	="4,540.27"	="0.000"	=""	="X"	=""	="[TROCAR] COMPONENTES PD AC CJ H LT1 FEV"
="ELIMINADO"	=""	="8095014"	="PARAFUSO CIL AISI304    M12X     25MM"	="4.000"	="CDA"	="5I3"	="80008157928"	="38498128"	="4"	="2/3/25"	=""	="CANC"	="ENCE CAPC ERRD NEXE"	="G-CSN-10-175-413-042"	="4.17"	="0.000"	=""	="X"	=""	="[TROCAR] COMPONENTES PD AC CJ H LT1 FEV"
="ELIMINADO"	=""	="8003154"	="PARAFUSO SEXT AISI410    M 6X     18MM"	="24.000"	="CDA"	="5I3"	="80008157928"	="38498128"	="5"	="2/3/25"	=""	="CANC"	="ENCE CAPC ERRD NEXE"	="G-CSN-10-175-413-042"	="0.51"	="0.000"	=""	="X"	=""	="[TROCAR] COMPONENTES PD AC CJ H LT1 FEV"
="ELIMINADO"	=""	="1779091"	="ROLAMENTO AUT ROLO  140,00X  210,00MM"	="4.000"	="CDA"	="5I3"	="80008157928"	="38498128"	="6"	="2/3/25"	=""	="CANC"	="ENCE CAPC ERRD NEXE"	="G-CSN-10-175-413-042"	="1,777.92"	="0.000"	=""	="X"	=""	="[TROCAR] COMPONENTES PD AC CJ H LT1 FEV"
="ELIMINADO"	=""	="8001183"	="ANEL O VITON   14,00X  4,00MM"	="32.000"	="CDA"	="5I3"	="80008157929"	="38498129"	="1"	="3/3/25"	=""	="CANC"	="ENCE CAPC ERRD NEXE"	="G-CSN-10-175-413-043"	="4.83"	="0.000"	=""	="X"	=""	="[TROCAR] COMPONENTES PD AC CJ H LT1 MAR"
="ELIMINADO"	=""	="1789697"	="MANCAL BARDELLA CSNVAI2713 3041, 3042"	="4.000"	="CDA"	="5I3"	="80008157929"	="38498129"	="2"	="3/3/25"	=""	="CANC"	="ENCE CAPC ERRD NEXE"	="G-CSN-10-175-413-043"	="3,877.93"	="0.000"	=""	="X"	=""	="[TROCAR] COMPONENTES PD AC CJ H LT1 MAR"
="ELIMINADO"	=""	="1789698"	="MANCAL BARDELLA CSNVAI2714 3046, 3047"	="4.000"	="CDA"	="5I3"	="80008157929"	="38498129"	="3"	="3/3/25"	=""	="CANC"	="ENCE CAPC ERRD NEXE"	="G-CSN-10-175-413-043"	="4,540.27"	="0.000"	=""	="X"	=""	="[TROCAR] COMPONENTES PD AC CJ H LT1 MAR"
="ELIMINADO"	=""	="8095014"	="PARAFUSO CIL AISI304    M12X     25MM"	="4.000"	="CDA"	="5I3"	="80008157929"	="38498129"	="4"	="3/3/25"	=""	="CANC"	="ENCE CAPC ERRD NEXE"	="G-CSN-10-175-413-043"	="4.17"	="0.000"	=""	="X"	=""	="[TROCAR] COMPONENTES PD AC CJ H LT1 MAR"
="ELIMINADO"	=""	="8003154"	="PARAFUSO SEXT AISI410    M 6X     18MM"	="24.000"	="CDA"	="5I3"	="80008157929"	="38498129"	="5"	="3/3/25"	=""	="CANC"	="ENCE CAPC ERRD NEXE"	="G-CSN-10-175-413-043"	="0.51"	="0.000"	=""	="X"	=""	="[TROCAR] COMPONENTES PD AC CJ H LT1 MAR"
="ELIMINADO"	=""	="1779091"	="ROLAMENTO AUT ROLO  140,00X  210,00MM"	="4.000"	="CDA"	="5I3"	="80008157929"	="38498129"	="6"	="3/3/25"	=""	="CANC"	="ENCE CAPC ERRD NEXE"	="G-CSN-10-175-413-043"	="1,777.92"	="0.000"	=""	="X"	=""	="[TROCAR] COMPONENTES PD AC CJ H LT1 MAR"
="ELIMINADO"	=""	="8001183"	="ANEL O VITON   14,00X  4,00MM"	="32.000"	="CDA"	="5I3"	="80008157930"	="38498130"	="1"	="3/3/25"	=""	="CANC"	="ENCE CAPC ERRD NEXE"	="G-CSN-10-175-413-044"	="4.83"	="0.000"	=""	="X"	=""	="[TROCAR] COMPONENTES PD AC CJ H LT1 MAR"
="ELIMINADO"	=""	="1789697"	="MANCAL BARDELLA CSNVAI2713 3041, 3042"	="4.000"	="CDA"	="5I3"	="80008157930"	="38498130"	="2"	="3/3/25"	=""	="CANC"	="ENCE CAPC ERRD NEXE"	="G-CSN-10-175-413-044"	="3,877.93"	="0.000"	=""	="X"	=""	="[TROCAR] COMPONENTES PD AC CJ H LT1 MAR"
="ELIMINADO"	=""	="1789698"	="MANCAL BARDELLA CSNVAI2714 3046, 3047"	="4.000"	="CDA"	="5I3"	="80008157930"	="38498130"	="3"	="3/3/25"	=""	="CANC"	="ENCE CAPC ERRD NEXE"	="G-CSN-10-175-413-044"	="4,540.27"	="0.000"	=""	="X"	=""	="[TROCAR] COMPONENTES PD AC CJ H LT1 MAR"
="ELIMINADO"	=""	="8095014"	="PARAFUSO CIL AISI304    M12X     25MM"	="4.000"	="CDA"	="5I3"	="80008157930"	="38498130"	="4"	="3/3/25"	=""	="CANC"	="ENCE CAPC ERRD NEXE"	="G-CSN-10-175-413-044"	="4.17"	="0.000"	=""	="X"	=""	="[TROCAR] COMPONENTES PD AC CJ H LT1 MAR"
="ELIMINADO"	=""	="8003154"	="PARAFUSO SEXT AISI410    M 6X     18MM"	="24.000"	="CDA"	="5I3"	="80008157930"	="38498130"	="5"	="3/3/25"	=""	="CANC"	="ENCE CAPC ERRD NEXE"	="G-CSN-10-175-413-044"	="0.51"	="0.000"	=""	="X"	=""	="[TROCAR] COMPONENTES PD AC CJ H LT1 MAR"
="ELIMINADO"	=""	="1779091"	="ROLAMENTO AUT ROLO  140,00X  210,00MM"	="4.000"	="CDA"	="5I3"	="80008157930"	="38498130"	="6"	="3/3/25"	=""	="CANC"	="ENCE CAPC ERRD NEXE"	="G-CSN-10-175-413-044"	="1,777.92"	="0.000"	=""	="X"	=""	="[TROCAR] COMPONENTES PD AC CJ H LT1 MAR"
="ELIMINADO"	=""	="8001183"	="ANEL O VITON   14,00X  4,00MM"	="32.000"	="CDA"	="5I3"	="80008157931"	="38498134"	="1"	="4/3/25"	=""	="CANC"	="ENCE CAPC ERRD NEXE"	="G-CSN-10-175-413-045"	="4.83"	="0.000"	=""	="X"	=""	="[TROCAR] COMPONENTES PD AC CJ H LT1 ABR"
="ELIMINADO"	=""	="1789697"	="MANCAL BARDELLA CSNVAI2713 3041, 3042"	="4.000"	="CDA"	="5I3"	="80008157931"	="38498134"	="2"	="4/3/25"	=""	="CANC"	="ENCE CAPC ERRD NEXE"	="G-CSN-10-175-413-045"	="3,877.93"	="0.000"	=""	="X"	=""	="[TROCAR] COMPONENTES PD AC CJ H LT1 ABR"
="ELIMINADO"	=""	="1789698"	="MANCAL BARDELLA CSNVAI2714 3046, 3047"	="4.000"	="CDA"	="5I3"	="80008157931"	="38498134"	="3"	="4/3/25"	=""	="CANC"	="ENCE CAPC ERRD NEXE"	="G-CSN-10-175-413-045"	="4,540.27"	="0.000"	=""	="X"	=""	="[TROCAR] COMPONENTES PD AC CJ H LT1 ABR"
="ELIMINADO"	=""	="8095014"	="PARAFUSO CIL AISI304    M12X     25MM"	="4.000"	="CDA"	="5I3"	="80008157931"	="38498134"	="4"	="4/3/25"	=""	="CANC"	="ENCE CAPC ERRD NEXE"	="G-CSN-10-175-413-045"	="4.17"	="0.000"	=""	="X"	=""	="[TROCAR] COMPONENTES PD AC CJ H LT1 ABR"
="ELIMINADO"	=""	="8003154"	="PARAFUSO SEXT AISI410    M 6X     18MM"	="24.000"	="CDA"	="5I3"	="80008157931"	="38498134"	="5"	="4/3/25"	=""	="CANC"	="ENCE CAPC ERRD NEXE"	="G-CSN-10-175-413-045"	="0.51"	="0.000"	=""	="X"	=""	="[TROCAR] COMPONENTES PD AC CJ H LT1 ABR"
="ELIMINADO"	=""	="1779091"	="ROLAMENTO AUT ROLO  140,00X  210,00MM"	="4.000"	="CDA"	="5I3"	="80008157931"	="38498134"	="6"	="4/3/25"	=""	="CANC"	="ENCE CAPC ERRD NEXE"	="G-CSN-10-175-413-045"	="1,777.92"	="0.000"	=""	="X"	=""	="[TROCAR] COMPONENTES PD AC CJ H LT1 ABR"
="ELIMINADO"	=""	="8001183"	="ANEL O VITON   14,00X  4,00MM"	="32.000"	="CDA"	="5I3"	="80008157932"	="38498135"	="1"	="4/3/25"	=""	="CANC"	="ENCE CAPC ERRD NEXE"	="G-CSN-10-175-413-046"	="4.83"	="0.000"	=""	="X"	=""	="[TROCAR] COMPONENTES PD AC CJ H LT1 ABR"
="ELIMINADO"	=""	="1789697"	="MANCAL BARDELLA CSNVAI2713 3041, 3042"	="4.000"	="CDA"	="5I3"	="80008157932"	="38498135"	="2"	="4/3/25"	=""	="CANC"	="ENCE CAPC ERRD NEXE"	="G-CSN-10-175-413-046"	="3,877.93"	="0.000"	=""	="X"	=""	="[TROCAR] COMPONENTES PD AC CJ H LT1 ABR"
="ELIMINADO"	=""	="1789698"	="MANCAL BARDELLA CSNVAI2714 3046, 3047"	="4.000"	="CDA"	="5I3"	="80008157932"	="38498135"	="3"	="4/3/25"	=""	="CANC"	="ENCE CAPC ERRD NEXE"	="G-CSN-10-175-413-046"	="4,540.27"	="0.000"	=""	="X"	=""	="[TROCAR] COMPONENTES PD AC CJ H LT1 ABR"
="ELIMINADO"	=""	="8095014"	="PARAFUSO CIL AISI304    M12X     25MM"	="4.000"	="CDA"	="5I3"	="80008157932"	="38498135"	="4"	="4/3/25"	=""	="CANC"	="ENCE CAPC ERRD NEXE"	="G-CSN-10-175-413-046"	="4.17"	="0.000"	=""	="X"	=""	="[TROCAR] COMPONENTES PD AC CJ H LT1 ABR"
="ELIMINADO"	=""	="8003154"	="PARAFUSO SEXT AISI410    M 6X     18MM"	="24.000"	="CDA"	="5I3"	="80008157932"	="38498135"	="5"	="4/3/25"	=""	="CANC"	="ENCE CAPC ERRD NEXE"	="G-CSN-10-175-413-046"	="0.51"	="0.000"	=""	="X"	=""	="[TROCAR] COMPONENTES PD AC CJ H LT1 ABR"
="ELIMINADO"	=""	="1779091"	="ROLAMENTO AUT ROLO  140,00X  210,00MM"	="4.000"	="CDA"	="5I3"	="80008157932"	="38498135"	="6"	="4/3/25"	=""	="CANC"	="ENCE CAPC ERRD NEXE"	="G-CSN-10-175-413-046"	="1,777.92"	="0.000"	=""	="X"	=""	="[TROCAR] COMPONENTES PD AC CJ H LT1 ABR"
="ELIMINADO"	=""	="8001183"	="ANEL O VITON   14,00X  4,00MM"	="32.000"	="CDA"	="5I3"	="80008157933"	="38498136"	="1"	="5/3/25"	=""	="CANC"	="ENCE CAPC ERRD NEXE"	="G-CSN-10-175-413-047"	="4.83"	="0.000"	=""	="X"	=""	="[TROCAR] COMPONENTES PD AC CJ H LT1 MAI"
="ELIMINADO"	=""	="1789697"	="MANCAL BARDELLA CSNVAI2713 3041, 3042"	="4.000"	="CDA"	="5I3"	="80008157933"	="38498136"	="2"	="5/3/25"	=""	="CANC"	="ENCE CAPC ERRD NEXE"	="G-CSN-10-175-413-047"	="3,877.93"	="0.000"	=""	="X"	=""	="[TROCAR] COMPONENTES PD AC CJ H LT1 MAI"
="ELIMINADO"	=""	="1789698"	="MANCAL BARDELLA CSNVAI2714 3046, 3047"	="4.000"	="CDA"	="5I3"	="80008157933"	="38498136"	="3"	="5/3/25"	=""	="CANC"	="ENCE CAPC ERRD NEXE"	="G-CSN-10-175-413-047"	="4,540.27"	="0.000"	=""	="X"	=""	="[TROCAR] COMPONENTES PD AC CJ H LT1 MAI"
="ELIMINADO"	=""	="8095014"	="PARAFUSO CIL AISI304    M12X     25MM"	="4.000"	="CDA"	="5I3"	="80008157933"	="38498136"	="4"	="5/3/25"	=""	="CANC"	="ENCE CAPC ERRD NEXE"	="G-CSN-10-175-413-047"	="4.17"	="0.000"	=""	="X"	=""	="[TROCAR] COMPONENTES PD AC CJ H LT1 MAI"
="ELIMINADO"	=""	="8003154"	="PARAFUSO SEXT AISI410    M 6X     18MM"	="24.000"	="CDA"	="5I3"	="80008157933"	="38498136"	="5"	="5/3/25"	=""	="CANC"	="ENCE CAPC ERRD NEXE"	="G-CSN-10-175-413-047"	="0.51"	="0.000"	=""	="X"	=""	="[TROCAR] COMPONENTES PD AC CJ H LT1 MAI"
="ELIMINADO"	=""	="1779091"	="ROLAMENTO AUT ROLO  140,00X  210,00MM"	="4.000"	="CDA"	="5I3"	="80008157933"	="38498136"	="6"	="5/3/25"	=""	="CANC"	="ENCE CAPC ERRD NEXE"	="G-CSN-10-175-413-047"	="1,777.92"	="0.000"	=""	="X"	=""	="[TROCAR] COMPONENTES PD AC CJ H LT1 MAI"
="ELIMINADO"	=""	="8001183"	="ANEL O VITON   14,00X  4,00MM"	="32.000"	="CDA"	="5I3"	="80008157934"	="38498137"	="1"	="5/3/25"	=""	="CANC"	="ENCE CAPC ERRD NEXE"	="G-CSN-10-175-413-048"	="4.83"	="0.000"	=""	="X"	=""	="[TROCAR] COMPONENTES PD AC CJ H LT1 MAI"
="ELIMINADO"	=""	="1789697"	="MANCAL BARDELLA CSNVAI2713 3041, 3042"	="4.000"	="CDA"	="5I3"	="80008157934"	="38498137"	="2"	="5/3/25"	=""	="CANC"	="ENCE CAPC ERRD NEXE"	="G-CSN-10-175-413-048"	="3,877.93"	="0.000"	=""	="X"	=""	="[TROCAR] COMPONENTES PD AC CJ H LT1 MAI"
="ELIMINADO"	=""	="1789698"	="MANCAL BARDELLA CSNVAI2714 3046, 3047"	="4.000"	="CDA"	="5I3"	="80008157934"	="38498137"	="3"	="5/3/25"	=""	="CANC"	="ENCE CAPC ERRD NEXE"	="G-CSN-10-175-413-048"	="4,540.27"	="0.000"	=""	="X"	=""	="[TROCAR] COMPONENTES PD AC CJ H LT1 MAI"
="ELIMINADO"	=""	="8095014"	="PARAFUSO CIL AISI304    M12X     25MM"	="4.000"	="CDA"	="5I3"	="80008157934"	="38498137"	="4"	="5/3/25"	=""	="CANC"	="ENCE CAPC ERRD NEXE"	="G-CSN-10-175-413-048"	="4.17"	="0.000"	=""	="X"	=""	="[TROCAR] COMPONENTES PD AC CJ H LT1 MAI"
="ELIMINADO"	=""	="8003154"	="PARAFUSO SEXT AISI410    M 6X     18MM"	="24.000"	="CDA"	="5I3"	="80008157934"	="38498137"	="5"	="5/3/25"	=""	="CANC"	="ENCE CAPC ERRD NEXE"	="G-CSN-10-175-413-048"	="0.51"	="0.000"	=""	="X"	=""	="[TROCAR] COMPONENTES PD AC CJ H LT1 MAI"
="ELIMINADO"	=""	="1779091"	="ROLAMENTO AUT ROLO  140,00X  210,00MM"	="4.000"	="CDA"	="5I3"	="80008157934"	="38498137"	="6"	="5/3/25"	=""	="CANC"	="ENCE CAPC ERRD NEXE"	="G-CSN-10-175-413-048"	="1,777.92"	="0.000"	=""	="X"	=""	="[TROCAR] COMPONENTES PD AC CJ H LT1 MAI"
="ELIMINADO"	=""	="8001183"	="ANEL O VITON   14,00X  4,00MM"	="32.000"	="CDA"	="5I3"	="80008157935"	="38498198"	="1"	="6/3/25"	=""	="CANC"	="ENCE CAPC ERRD NEXE"	="G-CSN-10-175-413-049"	="4.83"	="0.000"	=""	="X"	=""	="[TROCAR] COMPONENTES PD AC CJ H LT1 JUN"
="ELIMINADO"	=""	="1789697"	="MANCAL BARDELLA CSNVAI2713 3041, 3042"	="4.000"	="CDA"	="5I3"	="80008157935"	="38498198"	="2"	="6/3/25"	=""	="CANC"	="ENCE CAPC ERRD NEXE"	="G-CSN-10-175-413-049"	="3,877.93"	="0.000"	=""	="X"	=""	="[TROCAR] COMPONENTES PD AC CJ H LT1 JUN"
="ELIMINADO"	=""	="1789698"	="MANCAL BARDELLA CSNVAI2714 3046, 3047"	="4.000"	="CDA"	="5I3"	="80008157935"	="38498198"	="3"	="6/3/25"	=""	="CANC"	="ENCE CAPC ERRD NEXE"	="G-CSN-10-175-413-049"	="4,540.27"	="0.000"	=""	="X"	=""	="[TROCAR] COMPONENTES PD AC CJ H LT1 JUN"
="ELIMINADO"	=""	="8095014"	="PARAFUSO CIL AISI304    M12X     25MM"	="4.000"	="CDA"	="5I3"	="80008157935"	="38498198"	="4"	="6/3/25"	=""	="CANC"	="ENCE CAPC ERRD NEXE"	="G-CSN-10-175-413-049"	="4.17"	="0.000"	=""	="X"	=""	="[TROCAR] COMPONENTES PD AC CJ H LT1 JUN"
="ELIMINADO"	=""	="8003154"	="PARAFUSO SEXT AISI410    M 6X     18MM"	="24.000"	="CDA"	="5I3"	="80008157935"	="38498198"	="5"	="6/3/25"	=""	="CANC"	="ENCE CAPC ERRD NEXE"	="G-CSN-10-175-413-049"	="0.51"	="0.000"	=""	="X"	=""	="[TROCAR] COMPONENTES PD AC CJ H LT1 JUN"
="ELIMINADO"	=""	="1779091"	="ROLAMENTO AUT ROLO  140,00X  210,00MM"	="4.000"	="CDA"	="5I3"	="80008157935"	="38498198"	="6"	="6/3/25"	=""	="CANC"	="ENCE CAPC ERRD NEXE"	="G-CSN-10-175-413-049"	="1,777.92"	="0.000"	=""	="X"	=""	="[TROCAR] COMPONENTES PD AC CJ H LT1 JUN"
="ELIMINADO"	=""	="8001183"	="ANEL O VITON   14,00X  4,00MM"	="32.000"	="CDA"	="5I3"	="80008157936"	="38498199"	="1"	="6/3/25"	=""	="CANC"	="ENCE CAPC ERRD NEXE"	="G-CSN-10-175-413-050"	="4.83"	="0.000"	=""	="X"	=""	="[TROCAR] COMPONENTES PD AC CJ H LT1 JUN"
="ELIMINADO"	=""	="1789697"	="MANCAL BARDELLA CSNVAI2713 3041, 3042"	="4.000"	="CDA"	="5I3"	="80008157936"	="38498199"	="2"	="6/3/25"	=""	="CANC"	="ENCE CAPC ERRD NEXE"	="G-CSN-10-175-413-050"	="3,877.93"	="0.000"	=""	="X"	=""	="[TROCAR] COMPONENTES PD AC CJ H LT1 JUN"
="ELIMINADO"	=""	="1789698"	="MANCAL BARDELLA CSNVAI2714 3046, 3047"	="4.000"	="CDA"	="5I3"	="80008157936"	="38498199"	="3"	="6/3/25"	=""	="CANC"	="ENCE CAPC ERRD NEXE"	="G-CSN-10-175-413-050"	="4,540.27"	="0.000"	=""	="X"	=""	="[TROCAR] COMPONENTES PD AC CJ H LT1 JUN"
="ELIMINADO"	=""	="8095014"	="PARAFUSO CIL AISI304    M12X     25MM"	="4.000"	="CDA"	="5I3"	="80008157936"	="38498199"	="4"	="6/3/25"	=""	="CANC"	="ENCE CAPC ERRD NEXE"	="G-CSN-10-175-413-050"	="4.17"	="0.000"	=""	="X"	=""	="[TROCAR] COMPONENTES PD AC CJ H LT1 JUN"
="ELIMINADO"	=""	="8003154"	="PARAFUSO SEXT AISI410    M 6X     18MM"	="24.000"	="CDA"	="5I3"	="80008157936"	="38498199"	="5"	="6/3/25"	=""	="CANC"	="ENCE CAPC ERRD NEXE"	="G-CSN-10-175-413-050"	="0.51"	="0.000"	=""	="X"	=""	="[TROCAR] COMPONENTES PD AC CJ H LT1 JUN"
="ELIMINADO"	=""	="1779091"	="ROLAMENTO AUT ROLO  140,00X  210,00MM"	="4.000"	="CDA"	="5I3"	="80008157936"	="38498199"	="6"	="6/3/25"	=""	="CANC"	="ENCE CAPC ERRD NEXE"	="G-CSN-10-175-413-050"	="1,777.92"	="0.000"	=""	="X"	=""	="[TROCAR] COMPONENTES PD AC CJ H LT1 JUN"
="ELIMINADO"	=""	="1789692"	="ANEL BARDELLA CSNVAI2712"	="2.000"	="CDA"	="5I3"	="80008167220"	="38509456"	="1"	="1/3/25"	=""	="CANC"	="ENCE CAPC ERRD NEXE"	="G-CSN-10-175-423-046"	="1,357.53"	="0.000"	=""	="X"	=""	="[TROCAR] COMPONENTES PD AC CJ H LT2 JAN"
="ELIMINADO"	=""	="1789690"	="BUCHA BARDELLA CSNVAI2707 3008"	="8.000"	="CDA"	="5I3"	="80008167220"	="38509456"	="2"	="1/3/25"	=""	="CANC"	="ENCE CAPC ERRD NEXE"	="G-CSN-10-175-423-046"	="620.27"	="0.000"	=""	="X"	=""	="[TROCAR] COMPONENTES PD AC CJ H LT2 JAN"
="ELIMINADO"	=""	="8002971"	="CHAVETA CSN DM029392 3"	="4.000"	="CDA"	="5I3"	="80008167220"	="38509456"	="3"	="1/3/25"	=""	="CANC"	="ENCE CAPC ERRD NEXE"	="G-CSN-10-175-423-046"	="210.34"	="0.000"	=""	="X"	=""	="[TROCAR] COMPONENTES PD AC CJ H LT2 JAN"
="ELIMINADO"	=""	="9184484"	="EIXO CSN DM647085 01"	="2.000"	="CDA"	="5I3"	="80008167220"	="38509456"	="4"	="1/3/25"	=""	="CANC"	="ENCE CAPC ERRD NEXE"	="G-CSN-10-175-423-046"	="27,096.70"	="0.000"	=""	="X"	=""	="[TROCAR] COMPONENTES PD AC CJ H LT2 JAN"
="ELIMINADO"	=""	="1789694"	="ESPACADOR BARDELLA CSNVAI2711 3014"	="2.000"	="CDA"	="5I3"	="80008167220"	="38509456"	="5"	="1/3/25"	=""	="CANC"	="ENCE CAPC ERRD NEXE"	="G-CSN-10-175-423-046"	="45.15"	="0.000"	=""	="X"	=""	="[TROCAR] COMPONENTES PD AC CJ H LT2 JAN"
="ELIMINADO"	=""	="9184482"	="FLANGE CSN DM647087 01"	="4.000"	="CDA"	="5I3"	="80008167220"	="38509456"	="6"	="1/3/25"	=""	="CANC"	="ENCE CAPC ERRD NEXE"	="G-CSN-10-175-423-046"	="4,591.86"	="0.000"	=""	="X"	=""	="[TROCAR] COMPONENTES PD AC CJ H LT2 JAN"
="ELIMINADO"	=""	="9148564"	="JUNTA DEUBLIN 2425000005"	="2.000"	="CDA"	="5I3"	="80008167220"	="38509456"	="7"	="1/3/25"	=""	="CANC"	="ENCE CAPC ERRD NEXE"	="G-CSN-10-175-423-046"	="1,834.13"	="0.000"	=""	="X"	=""	="[TROCAR] COMPONENTES PD AC CJ H LT2 JAN"
="ELIMINADO"	=""	="1789837"	="PLUGUE BARDELLA CSNVAI2665 2531, 2532"	="1.000"	="CDA"	="5I3"	="80008167220"	="38509456"	="8"	="1/3/25"	=""	="CANC"	="ENCE CAPC ERRD NEXE"	="G-CSN-10-175-423-046"	="1,235.36"	="0.000"	=""	="X"	=""	="[TROCAR] COMPONENTES PD AC CJ H LT2 JAN"
="ELIMINADO"	=""	="1639748"	="ROLAMENTO AUT ROLO  160,00X  240,00MM"	="4.000"	="CDA"	="5I3"	="80008167220"	="38509456"	="9"	="1/3/25"	=""	="CANC"	="ENCE CAPC ERRD NEXE"	="G-CSN-10-175-423-046"	="2,635.15"	="0.000"	=""	="X"	=""	="[TROCAR] COMPONENTES PD AC CJ H LT2 JAN"
="ELIMINADO"	=""	="8005373"	="TAMPA BARDELLA CSNVAI2754"	="2.000"	="CDA"	="5I3"	="80008167220"	="38509456"	="10"	="1/3/25"	=""	="CANC"	="ENCE CAPC ERRD NEXE"	="G-CSN-10-175-423-046"	="1,082.27"	="0.000"	=""	="X"	=""	="[TROCAR] COMPONENTES PD AC CJ H LT2 JAN"
="ELIMINADO"	=""	="8001809"	="TUBO BARDELLA CSNVAI2664 2521,2522, 2523"	="1.000"	="CDA"	="5I3"	="80008167220"	="38509456"	="11"	="1/3/25"	=""	="CANC"	="ENCE CAPC ERRD NEXE"	="G-CSN-10-175-423-046"	="0.00"	="0.000"	=""	="X"	=""	="[TROCAR] COMPONENTES PD AC CJ H LT2 JAN"
="ELIMINADO"	=""	="1789692"	="ANEL BARDELLA CSNVAI2712"	="2.000"	="CDA"	="5I3"	="80008167221"	="38509478"	="1"	="1/3/25"	=""	="CANC"	="ENCE CAPC ERRD NEXE"	="G-CSN-10-175-423-047"	="1,357.53"	="0.000"	=""	="X"	=""	="[TROCAR] COMPONENTES PD AC CJ H LT2 JAN"
="ELIMINADO"	=""	="1789690"	="BUCHA BARDELLA CSNVAI2707 3008"	="8.000"	="CDA"	="5I3"	="80008167221"	="38509478"	="2"	="1/3/25"	=""	="CANC"	="ENCE CAPC ERRD NEXE"	="G-CSN-10-175-423-047"	="620.27"	="0.000"	=""	="X"	=""	="[TROCAR] COMPONENTES PD AC CJ H LT2 JAN"
="ELIMINADO"	=""	="8002971"	="CHAVETA CSN DM029392 3"	="4.000"	="CDA"	="5I3"	="80008167221"	="38509478"	="3"	="1/3/25"	=""	="CANC"	="ENCE CAPC ERRD NEXE"	="G-CSN-10-175-423-047"	="210.34"	="0.000"	=""	="X"	=""	="[TROCAR] COMPONENTES PD AC CJ H LT2 JAN"
="ELIMINADO"	=""	="9184484"	="EIXO CSN DM647085 01"	="2.000"	="CDA"	="5I3"	="80008167221"	="38509478"	="4"	="1/3/25"	=""	="CANC"	="ENCE CAPC ERRD NEXE"	="G-CSN-10-175-423-047"	="27,096.70"	="0.000"	=""	="X"	=""	="[TROCAR] COMPONENTES PD AC CJ H LT2 JAN"
="ELIMINADO"	=""	="1789694"	="ESPACADOR BARDELLA CSNVAI2711 3014"	="2.000"	="CDA"	="5I3"	="80008167221"	="38509478"	="5"	="1/3/25"	=""	="CANC"	="ENCE CAPC ERRD NEXE"	="G-CSN-10-175-423-047"	="45.15"	="0.000"	=""	="X"	=""	="[TROCAR] COMPONENTES PD AC CJ H LT2 JAN"
="ELIMINADO"	=""	="9184482"	="FLANGE CSN DM647087 01"	="4.000"	="CDA"	="5I3"	="80008167221"	="38509478"	="6"	="1/3/25"	=""	="CANC"	="ENCE CAPC ERRD NEXE"	="G-CSN-10-175-423-047"	="4,591.86"	="0.000"	=""	="X"	=""	="[TROCAR] COMPONENTES PD AC CJ H LT2 JAN"
="ELIMINADO"	=""	="9148564"	="JUNTA DEUBLIN 2425000005"	="2.000"	="CDA"	="5I3"	="80008167221"	="38509478"	="7"	="1/3/25"	=""	="CANC"	="ENCE CAPC ERRD NEXE"	="G-CSN-10-175-423-047"	="1,834.13"	="0.000"	=""	="X"	=""	="[TROCAR] COMPONENTES PD AC CJ H LT2 JAN"
="ELIMINADO"	=""	="1789837"	="PLUGUE BARDELLA CSNVAI2665 2531, 2532"	="1.000"	="CDA"	="5I3"	="80008167221"	="38509478"	="8"	="1/3/25"	=""	="CANC"	="ENCE CAPC ERRD NEXE"	="G-CSN-10-175-423-047"	="1,235.36"	="0.000"	=""	="X"	=""	="[TROCAR] COMPONENTES PD AC CJ H LT2 JAN"
="ELIMINADO"	=""	="1639748"	="ROLAMENTO AUT ROLO  160,00X  240,00MM"	="4.000"	="CDA"	="5I3"	="80008167221"	="38509478"	="9"	="1/3/25"	=""	="CANC"	="ENCE CAPC ERRD NEXE"	="G-CSN-10-175-423-047"	="2,635.15"	="0.000"	=""	="X"	=""	="[TROCAR] COMPONENTES PD AC CJ H LT2 JAN"
="ELIMINADO"	=""	="8005373"	="TAMPA BARDELLA CSNVAI2754"	="2.000"	="CDA"	="5I3"	="80008167221"	="38509478"	="10"	="1/3/25"	=""	="CANC"	="ENCE CAPC ERRD NEXE"	="G-CSN-10-175-423-047"	="1,082.27"	="0.000"	=""	="X"	=""	="[TROCAR] COMPONENTES PD AC CJ H LT2 JAN"
="ELIMINADO"	=""	="8001809"	="TUBO BARDELLA CSNVAI2664 2521,2522, 2523"	="1.000"	="CDA"	="5I3"	="80008167221"	="38509478"	="11"	="1/3/25"	=""	="CANC"	="ENCE CAPC ERRD NEXE"	="G-CSN-10-175-423-047"	="0.00"	="0.000"	=""	="X"	=""	="[TROCAR] COMPONENTES PD AC CJ H LT2 JAN"